<WTROOT prefix="pts" dbo="dbo" system="Pinnacle">
	<WTENTITY id="97" name="LabAttr" alias="zat">

		<!--Identity-->
		<WTATTRIBUTE id="9701" name="LabAttrID" type="number" identity="true" min="1" required="true" source="entity"/>

		<!--Attributes-->
		<WTATTRIBUTE id="9702" name="AttributeName" type="text" length="30" min="1" max="30" required="true" title="true" source="entity"/>
		<WTATTRIBUTE id="9703" name="AttributeID" type="number" min="1" required="true" source="entity"/>

		<!--Relationships-->
		<WTRELATIONSHIPS>
			<WTRELATIONSHIP name="LabAttr" entity="LabAttr" alias="zat"/>
		</WTRELATIONSHIPS>

		<WTENUM id="2" type="list"/>

	</WTENTITY>

	<WTPROCEDURES>
		<WTPROCEDURE type="Add" name="Add" style="GenerateDataProc.xsl"/>
		<WTPROCEDURE type="Delete" name="Delete" style="GenerateDataProc.xsl"/>
		<!--===================================================================================-->
		<WTPROCEDURE type="Enum" name="EnumAttribute" style="GenerateDataProc.xsl" id="AttributeID" column="AttributeName" template="new" passthru="true">
		<!--===================================================================================-->
			<WTPARAM name="SYS(security)" direction="input"/>
			<WTCODEGROUP>
				<WTSELECT>
					<WTATTRIBUTE alias="ID" value="ATTR(LabAttr.AttributeID)"/>
					<WTATTRIBUTE alias="Name" value="ATTR(LabAttr.AttributeName)"/>
					<WTJOIN name="LabAttr"/>
					<WTORDER name="CONST('Name')"/>
				</WTSELECT>
			</WTCODEGROUP>
		</WTPROCEDURE>
		<WTPROCEDURE type="Fetch" name="Fetch" style="GenerateDataProc.xsl"/>
		<WTPROCEDURE type="List" name="List" style="GenerateDataProc.xsl">
			<WTORDER name="AttributeName"/>
		</WTPROCEDURE>
		<WTPROCEDURE type="Update" name="Update" style="GenerateDataProc.xsl"/>
	</WTPROCEDURES>

	<WTWEBPAGES>
		<!--============================================================================================-->
		<WTWEBPAGE name="9702" aspstyle="GenerateWebASP.xsl" xslstyle="GenerateWebXSLAdd.xsl" secured="22">
		<!--============================================================================================-->

			<WTACTION id="0" name="New" type="New">
				<WTOBJECT name="LabAttr" project="ptsLabAttrUser" class="CLabAttr">
					<WTMETHOD name="Load">
						<WTPARAM name="LabAttrID" direction="input" value="CONST(0)"/>
						<WTPARAM name="SecurityToken" direction="input" value="SYS(userid)"/>
					</WTMETHOD>
					<WTMETHOD name="XML">
						<WTPARAM name="xmlLabAttr" direction="return" datatype="text"/>
					</WTMETHOD>
				</WTOBJECT>
			</WTACTION>

			<WTACTION id="2" name="Add" type="Add">
				<WTOBJECT name="LabAttr" project="ptsLabAttrUser" class="CLabAttr">
					<WTMETHOD name="Load">
						<WTPARAM name="LabAttrID" direction="input" value="CONST(0)"/>
						<WTPARAM name="SecurityToken" direction="input" value="SYS(userid)"/>
					</WTMETHOD>
					<WTSETATTRIBUTES/>
					<WTMETHOD name="Add">
						<WTPARAM name="LabAttrID" direction="return" datatype="number"/>
						<WTPARAM name="SecurityToken" direction="input" value="SYS(userid)"/>
					</WTMETHOD>
					<WTMETHOD name="XML">
	 					<WTCONDITION expr="IsErrors"/>
						<WTPARAM name="xmlLabAttr" direction="return" datatype="text"/>
					</WTMETHOD>
				</WTOBJECT>
				<WTRETURN>
					<WTCONDITION expr="NoErrors"/>
				</WTRETURN>
			</WTACTION>

			<WTACTION id="3" name="Cancel" type="Cancel">
				<WTRETURN/>
			</WTACTION>

			<!--*******************************************************************-->
			<WTCONTENT>
				<WTCOLUMN width="160" align="right"/>
				<WTCOLUMN width="440" align="left"/>

				<WTROW>
					<WTSTATIC col="1" merge="2" label="NewLabAttr" class="PageHeading" align="left"/>
				</WTROW>
				<WTROW margin-bottom="12">
					<WTDIVIDER col="1" merge="2" align="left" height="2" color="SYS(headerdivider)"/>
				</WTROW>

				<WTROW>
					<WTSTATIC col="1" tag="AttributeName"/>
					<WTTEXT col="2" value="ATTR(LabAttr.AttributeName)"/>
				</WTROW>
				<WTROW>
					<WTSTATIC col="1" tag="AttributeID"/>
					<WTTEXT col="2" value="ATTR(LabAttr.AttributeID)"/>
				</WTROW>
				<WTROW>
					<WTDIVIDER col="1" merge="2" align="left" height="12"/>
				</WTROW>
				<WTROW>
					<WTSTATIC col="1"/>
					<WTBUTTON col="2" action="2" value="CONST(Add)">
						<WTCONDITION expr="IsActive"/>
					</WTBUTTON>
					<WTBUTTON col="2" action="3" value="CONST(Cancel)"/>
				</WTROW>
				<WTROW>
					<WTDIVIDER col="1" merge="2" align="left" height="12"/>
				</WTROW>
			</WTCONTENT>
		</WTWEBPAGE>

		<!--============================================================================================-->
		<WTWEBPAGE name="9703" aspstyle="GenerateWebASP.xsl" xslstyle="GenerateWebXSLItem.xsl" secured="22">
		<!--============================================================================================-->
			<WTPARAM name="LabAttrID" datatype="number"/>

			<WTACTION id="0" name="New" type="New">
				<WTOBJECT name="LabAttr" project="ptsLabAttrUser" class="CLabAttr">
					<WTMETHOD name="Load">
						<WTPARAM name="LabAttrID" direction="input" value="PARAM(LabAttrID)"/>
						<WTPARAM name="SecurityToken" direction="input" value="SYS(userid)"/>
					</WTMETHOD>
					<WTMETHOD name="XML">
						<WTPARAM name="xmlLabAttr" direction="return" datatype="text"/>
					</WTMETHOD>
				</WTOBJECT>
			</WTACTION>

			<WTACTION id="1" name="Update" type="Update">
				<WTOBJECT name="LabAttr" project="ptsLabAttrUser" class="CLabAttr">
					<WTMETHOD name="Load">
						<WTPARAM name="LabAttrID" direction="input" value="PARAM(LabAttrID)"/>
						<WTPARAM name="SecurityToken" direction="input" value="SYS(userid)"/>
					</WTMETHOD>
					<WTSETATTRIBUTES/>
					<WTMETHOD name="Save">
						<WTPARAM name="SecurityToken" direction="input" value="SYS(userid)"/>
					</WTMETHOD>
					<WTMETHOD name="XML">
	 					<WTCONDITION expr="IsErrors"/>
						<WTPARAM name="xmlLabAttr" direction="return" datatype="text"/>
					</WTMETHOD>
				</WTOBJECT>
				<WTRETURN>
					<WTCONDITION expr="NoErrors"/>
				</WTRETURN>
			</WTACTION>

			<WTACTION id="3" name="Cancel" type="Cancel">
				<WTRETURN/>
			</WTACTION>

			<WTACTION id="4" name="Delete" type="Delete">
				<WTOBJECT name="LabAttr" project="ptsLabAttrUser" class="CLabAttr">
					<WTMETHOD name="Delete">
						<WTPARAM name="LabAttrID" direction="input" value="PARAM(LabAttrID)"/>
						<WTPARAM name="SecurityToken" direction="input" value="SYS(userid)"/>
					</WTMETHOD>
				</WTOBJECT>
				<WTOBJECT name="LabAttr" project="ptsLabAttrUser" class="CLabAttr">
					<WTCONDITION expr="IsErrors"/>
					<WTMETHOD name="Load">
						<WTPARAM name="LabAttrID" direction="input" value="PARAM(LabAttrID)"/>
						<WTPARAM name="SecurityToken" direction="input" value="SYS(userid)"/>
					</WTMETHOD>
					<WTMETHOD name="XML">
						<WTPARAM name="xmlLabAttr" direction="return" datatype="text"/>
					</WTMETHOD>
				</WTOBJECT>
				<WTRETURN>
					<WTCONDITION expr="NoErrors"/>
				</WTRETURN>
			</WTACTION>

			<!--*******************************************************************-->
			<WTCONTENT>
				<WTCOLUMN width="160" align="right"/>
				<WTCOLUMN width="440" align="left"/>

				<WTROW>
					<WTSTATIC col="1" merge="2" tag="LabAttr" value="ATTR(LabAttr.AttributeName)" class="PageHeading" align="left"/>
				</WTROW>
				<WTROW margin-bottom="12">
					<WTDIVIDER col="1" merge="2" align="left" height="2" color="SYS(headerdivider)"/>
				</WTROW>

				<WTROW>
					<WTSTATIC col="1" tag="AttributeName"/>
					<WTTEXT col="2" value="ATTR(LabAttr.AttributeName)"/>
				</WTROW>
				<WTROW>
					<WTSTATIC col="1" tag="AttributeID"/>
					<WTTEXT col="2" value="ATTR(LabAttr.AttributeID)"/>
				</WTROW>
				<WTROW>
					<WTDIVIDER col="1" merge="2" align="left" height="12"/>
				</WTROW>
				<WTROW>
					<WTSTATIC col="1"/>
					<WTBUTTON col="2" action="1" value="CONST(Update)">
						<WTCONDITION expr="IsActive"/>
					</WTBUTTON>
					<WTBUTTON col="2" action="3" value="CONST(Cancel)"/>
					<WTBUTTON col="2" action="4" value="CONST(Delete)" msg="ConfirmDelete">
						<WTCONDITION expr="IsActive"/>
					</WTBUTTON>
				</WTROW>
				<WTROW>
					<WTDIVIDER col="1" merge="2" align="left" height="12"/>
				</WTROW>
			</WTCONTENT>
		</WTWEBPAGE>

		<!--============================================================================================-->
		<WTWEBPAGE name="9711" caption="List" aspstyle="GenerateWebASP.xsl" xslstyle="GenerateWebXSLList.xsl" secured="22">
		<!--============================================================================================-->

			<WTACTION name="New" type="New" id="0">
				<WTOBJECT name="LabAttrs" project="ptsLabAttrUser" class="CLabAttrs">
					<WTMETHOD name="Load">
						<WTPARAM name="ListType" direction="input" value="CONST(0)" datatype="number"/>
						<WTPARAM name="SecurityToken" direction="input" value="SYS(userid)"/>
					</WTMETHOD>
					<WTMETHOD name="XML">
						<WTPARAM name="xmlLabAttrs" direction="return" concat="true" datatype="text"/>
					</WTMETHOD>
				</WTOBJECT>
			</WTACTION>

			<!--*******************************************************************-->
			<WTCONTENT>
				<WTCOLUMN width="300" align="left"/>
				<WTCOLUMN width="300" align="right"/>

				<WTROW>
					<WTSTATIC col="1" label="LabAttrs" class="PageHeading" align="left"/>
					<WTLINKGROUP col="2" align="right">
						<WTCONDITION expr="IsActive"/>
						<WTLINK name="9702" label="NewLabAttr"/>
					</WTLINKGROUP>
				</WTROW>
				<WTROW margin-bottom="12">
					<WTDIVIDER col="1" merge="2" height="2" color="SYS(headerdivider)"/>
				</WTROW>

				<WTROW>
					<WTRECORDSET col="1" merge="2" graybar="true" entity="LabAttr">
						<WTCOLUMN width="15" align="left" valign="top" label="AttributeID"/>
						<WTCOLUMN width="85" align="left" valign="top" label="AttributeName"/>
						<WTROW>
							<WTSTATIC col="1" value="DATA(LabAttr.AttributeID)">
								<WTLINK name="9703">
									<WTPARAM name="LabAttrID" value="DATA(LabAttr.LabAttrID)"/>
								</WTLINK>
							</WTSTATIC>
							<WTSTATIC col="2" value="DATA(LabAttr.AttributeName)">
								<WTLINK name="9703">
									<WTPARAM name="LabAttrID" value="DATA(LabAttr.LabAttrID)"/>
								</WTLINK>
							</WTSTATIC>
						</WTROW>
					</WTRECORDSET>
				</WTROW>

				<WTROW>
					<WTDIVIDER col="1" merge="2" height="4"/>
				</WTROW>
			</WTCONTENT>
		</WTWEBPAGE>
	</WTWEBPAGES>
</WTROOT>