<WTROOT prefix="pts" dbo="dbo" system="Pinnacle">
	<WTENTITY id="98" name="LabEnty" alias="zen">

		<!--Identity-->
		<WTATTRIBUTE id="9801" name="LabEntyID" type="number" identity="true" min="1" required="true" source="entity"/>

		<!--attributes-->
		<WTATTRIBUTE id="9802" name="EntityName" type="text" length="30" min="1" max="30" required="true" title="true" source="entity"/>
		<WTATTRIBUTE id="9803" name="EntityID" type="number" min="1" required="true" source="entity"/>

		<!--Relationships-->
		<WTRELATIONSHIPS>
			<WTRELATIONSHIP name="LabEnty" entity="LabEnty" alias="zen"/>
		</WTRELATIONSHIPS>

		<WTENUM id="2" type="list"/>

	</WTENTITY>

	<WTPROCEDURES>
		<WTPROCEDURE type="Add" name="Add" style="GenerateDataProc.xsl"/>
		<WTPROCEDURE type="Delete" name="Delete" style="GenerateDataProc.xsl"/>
		<WTPROCEDURE type="Enum" name="Enum" style="GenerateDataProc.xsl" column="EntityName">
			<WTORDER name="EntityName"/>
		</WTPROCEDURE>
		<!--===================================================================================-->
		<WTPROCEDURE type="Enum" name="EnumEntity" style="GenerateDataProc.xsl" id="EntityID" column="EntityName" template="new" passthru="true">
		<!--===================================================================================-->
			<WTPARAM name="SYS(security)" direction="input"/>
			<WTCODEGROUP>
				<WTSELECT>
					<WTATTRIBUTE alias="ID" value="ATTR(LabEnty.EntityID)"/>
					<WTATTRIBUTE alias="Name" value="ATTR(LabEnty.EntityName)"/>
					<WTJOIN name="LabEnty"/>
					<WTORDER name="CONST('Name')"/>
				</WTSELECT>
			</WTCODEGROUP>
		</WTPROCEDURE>
		<WTPROCEDURE type="Fetch" name="Fetch" style="GenerateDataProc.xsl"/>
		<WTPROCEDURE type="List" name="List" style="GenerateDataProc.xsl">
			<WTORDER name="EntityName"/>
		</WTPROCEDURE>
		<WTPROCEDURE type="Update" name="Update" style="GenerateDataProc.xsl"/>

	</WTPROCEDURES>

	<WTWEBPAGES>
		<!--============================================================================================-->
		<WTWEBPAGE name="9802" aspstyle="GenerateWebASP.xsl" xslstyle="GenerateWebXSLAdd.xsl" secured="22">
		<!--============================================================================================-->

			<WTACTION id="0" name="New" type="New">
				<WTOBJECT name="LabEnty" project="ptsLabEntyUser" class="CLabEnty">
					<WTMETHOD name="Load">
						<WTPARAM name="LabEntyID" direction="input" value="CONST(0)"/>
						<WTPARAM name="SecurityToken" direction="input" value="SYS(userid)"/>
					</WTMETHOD>
					<WTMETHOD name="XML">
						<WTPARAM name="xmlLabEnty" direction="return" datatype="text"/>
					</WTMETHOD>
				</WTOBJECT>
			</WTACTION>

			<WTACTION id="2" name="Add" type="Add">
				<WTOBJECT name="LabEnty" project="ptsLabEntyUser" class="CLabEnty">
					<WTMETHOD name="Load">
						<WTPARAM name="LabEntyID" direction="input" value="CONST(0)"/>
						<WTPARAM name="SecurityToken" direction="input" value="SYS(userid)"/>
					</WTMETHOD>
					<WTSETATTRIBUTES/>
					<WTMETHOD name="Add">
						<WTPARAM name="LabEntyID" direction="return" datatype="number"/>
						<WTPARAM name="SecurityToken" direction="input" value="SYS(userid)"/>
					</WTMETHOD>
					<WTMETHOD name="XML">
	 					<WTCONDITION expr="IsErrors"/>
						<WTPARAM name="xmlLabEnty" direction="return" datatype="text"/>
					</WTMETHOD>
				</WTOBJECT>
				<WTRETURN>
					<WTCONDITION expr="NoErrors"/>
				</WTRETURN>
			</WTACTION>

			<WTACTION id="3" name="Cancel" type="Cancel">
				<WTRETURN/>
			</WTACTION>

			<!--*******************************************************************-->
			<WTCONTENT>
				<WTCOLUMN width="160" align="right"/>
				<WTCOLUMN width="440" align="left"/>

				<WTROW>
					<WTSTATIC col="1" merge="2" label="NewLabEnty" class="PageHeading" align="left"/>
				</WTROW>
				<WTROW margin-bottom="12">
					<WTDIVIDER col="1" merge="2" align="left" height="2" color="SYS(headerdivider)"/>
				</WTROW>

				<WTROW>
					<WTSTATIC col="1" tag="EntityName"/>
					<WTTEXT col="2" value="ATTR(LabEnty.EntityName)"/>
				</WTROW>
				<WTROW>
					<WTSTATIC col="1" tag="EntityID"/>
					<WTTEXT col="2" value="ATTR(LabEnty.EntityID)"/>
				</WTROW>
				<WTROW>
					<WTDIVIDER col="1" merge="2" align="left" height="12"/>
				</WTROW>
				<WTROW>
					<WTSTATIC col="1"/>
					<WTBUTTON col="2" action="2" value="CONST(Add)">
						<WTCONDITION expr="IsActive"/>
					</WTBUTTON>
					<WTBUTTON col="2" action="3" value="CONST(Cancel)"/>
				</WTROW>
				<WTROW>
					<WTDIVIDER col="1" merge="2" align="left" height="12"/>
				</WTROW>
			</WTCONTENT>
		</WTWEBPAGE>

		<!--============================================================================================-->
		<WTWEBPAGE name="9803" aspstyle="GenerateWebASP.xsl" xslstyle="GenerateWebXSLItem.xsl" secured="22">
		<!--============================================================================================-->
			<WTPARAM name="LabEntyID" datatype="number"/>

			<WTACTION id="0" name="New" type="New">
				<WTOBJECT name="LabEnty" project="ptsLabEntyUser" class="CLabEnty">
					<WTMETHOD name="Load">
						<WTPARAM name="LabEntyID" direction="input" value="PARAM(LabEntyID)"/>
						<WTPARAM name="SecurityToken" direction="input" value="SYS(userid)"/>
					</WTMETHOD>
					<WTMETHOD name="XML">
						<WTPARAM name="xmlLabEnty" direction="return" datatype="text"/>
					</WTMETHOD>
				</WTOBJECT>
			</WTACTION>

			<WTACTION id="1" name="Update" type="Update">
				<WTOBJECT name="LabEnty" project="ptsLabEntyUser" class="CLabEnty">
					<WTMETHOD name="Load">
						<WTPARAM name="LabEntyID" direction="input" value="PARAM(LabEntyID)"/>
						<WTPARAM name="SecurityToken" direction="input" value="SYS(userid)"/>
					</WTMETHOD>
					<WTSETATTRIBUTES/>
					<WTMETHOD name="Save">
						<WTPARAM name="SecurityToken" direction="input" value="SYS(userid)"/>
					</WTMETHOD>
					<WTMETHOD name="XML">
	 					<WTCONDITION expr="IsErrors"/>
						<WTPARAM name="xmlLabEnty" direction="return" datatype="text"/>
					</WTMETHOD>
				</WTOBJECT>
				<WTRETURN>
					<WTCONDITION expr="NoErrors"/>
				</WTRETURN>
			</WTACTION>

			<WTACTION id="3" name="Cancel" type="Cancel">
				<WTRETURN/>
			</WTACTION>

			<WTACTION id="4" name="Delete" type="Delete">
				<WTOBJECT name="LabEnty" project="ptsLabEntyUser" class="CLabEnty">
					<WTMETHOD name="Delete">
						<WTPARAM name="LabEntyID" direction="input" value="PARAM(LabEntyID)"/>
						<WTPARAM name="SecurityToken" direction="input" value="SYS(userid)"/>
					</WTMETHOD>
				</WTOBJECT>
				<WTOBJECT name="LabEnty" project="ptsLabEntyUser" class="CLabEnty">
					<WTCONDITION expr="IsErrors"/>
					<WTMETHOD name="Load">
						<WTPARAM name="LabEntyID" direction="input" value="PARAM(LabEntyID)"/>
						<WTPARAM name="SecurityToken" direction="input" value="SYS(userid)"/>
					</WTMETHOD>
					<WTMETHOD name="XML">
						<WTPARAM name="xmlLabEnty" direction="return" datatype="text"/>
					</WTMETHOD>
				</WTOBJECT>
				<WTRETURN>
					<WTCONDITION expr="NoErrors"/>
				</WTRETURN>
			</WTACTION>

			<!--*******************************************************************-->
			<WTCONTENT>
				<WTCOLUMN width="160" align="right"/>
				<WTCOLUMN width="440" align="left"/>

				<WTROW>
					<WTSTATIC col="1" merge="2" tag="LabEnty" value="ATTR(LabEnty.EntityName)" class="PageHeading" align="left"/>
				</WTROW>
				<WTROW margin-bottom="12">
					<WTDIVIDER col="1" merge="2" align="left" height="2" color="SYS(headerdivider)"/>
				</WTROW>

				<WTROW>
					<WTSTATIC col="1" tag="EntityName"/>
					<WTTEXT col="2" value="ATTR(LabEnty.EntityName)"/>
				</WTROW>
				<WTROW>
					<WTSTATIC col="1" tag="EntityID"/>
					<WTTEXT col="2" value="ATTR(LabEnty.EntityID)"/>
				</WTROW>
				<WTROW>
					<WTDIVIDER col="1" merge="2" align="left" height="12"/>
				</WTROW>
				<WTROW>
					<WTSTATIC col="1"/>
					<WTBUTTON col="2" action="1" value="CONST(Update)">
						<WTCONDITION expr="IsActive"/>
					</WTBUTTON>
					<WTBUTTON col="2" action="3" value="CONST(Cancel)"/>
					<WTBUTTON col="2" action="4" value="CONST(Delete)" msg="ConfirmDelete">
						<WTCONDITION expr="IsActive"/>
					</WTBUTTON>
				</WTROW>
				<WTROW>
					<WTDIVIDER col="1" merge="2" align="left" height="12"/>
				</WTROW>
			</WTCONTENT>
		</WTWEBPAGE>

		<!--============================================================================================-->
		<WTWEBPAGE name="9811" caption="List" aspstyle="GenerateWebASP.xsl" xslstyle="GenerateWebXSLList.xsl" secured="22">
		<!--============================================================================================-->

			<WTACTION name="New" type="New" id="0">
				<WTOBJECT name="LabEntys" project="ptsLabEntyUser" class="CLabEntys">
					<WTMETHOD name="Load">
						<WTPARAM name="ListType" direction="input" value="CONST(0)" datatype="number"/>
						<WTPARAM name="SecurityToken" direction="input" value="SYS(userid)"/>
					</WTMETHOD>
					<WTMETHOD name="XML">
						<WTPARAM name="xmlLabEntys" direction="return" concat="true" datatype="text"/>
					</WTMETHOD>
				</WTOBJECT>
			</WTACTION>

			<!--*******************************************************************-->
			<WTCONTENT>
				<WTCOLUMN width="300" align="left"/>
				<WTCOLUMN width="300" align="right"/>

				<WTROW>
					<WTSTATIC col="1" label="LabEntys" class="PageHeading" align="left"/>
					<WTLINKGROUP col="2" align="right">
						<WTCONDITION expr="IsActive"/>
						<WTLINK name="9802" label="NewLabEnty"/>
					</WTLINKGROUP>
				</WTROW>
				<WTROW margin-bottom="12">
					<WTDIVIDER col="1" merge="2" height="2" color="SYS(headerdivider)"/>
				</WTROW>

				<WTROW>
					<WTRECORDSET col="1" merge="2" graybar="true" entity="LabEnty">
						<WTCOLUMN width="15" align="left" valign="top" label="EntityID"/>
						<WTCOLUMN width="85" align="left" valign="top" label="EntityName"/>
						<WTROW>
							<WTSTATIC col="1" value="DATA(LabEnty.EntityID)">
								<WTLINK name="9803">
									<WTPARAM name="LabEntyID" value="DATA(LabEnty.LabEntyID)"/>
								</WTLINK>
							</WTSTATIC>
							<WTSTATIC col="2" value="DATA(LabEnty.EntityName)">
								<WTLINK name="9803">
									<WTPARAM name="LabEntyID" value="DATA(LabEnty.LabEntyID)"/>
								</WTLINK>
							</WTSTATIC>
						</WTROW>
					</WTRECORDSET>
				</WTROW>

				<WTROW>
					<WTDIVIDER col="1" merge="2" height="4"/>
				</WTROW>
			</WTCONTENT>
		</WTWEBPAGE>
	</WTWEBPAGES>
</WTROOT>