<WTROOT prefix="pts" system="Pinnacle">
	<WTENTITY id="153" name="Award" alias="awa">

		<!--Identity-->
		<WTATTRIBUTE id="15301" name="AwardID" type="number" identity="true" min="1" title="true" required="true" source="entity"/>

		<!--Foreign Keys-->
		<WTATTRIBUTE id="15302" name="MerchantID" type="number" min="1" source="entity"/>

		<!--Attributes-->
		<WTATTRIBUTE id="15305" name="AwardType" type="number" source="entity">
			<WTENUM id="1" name="Cash"/>
			<WTENUM id="2" name="Points"/>
		</WTATTRIBUTE>
		<WTATTRIBUTE id="15306" name="Seq" type="number" source="entity"/>
		<WTATTRIBUTE id="15307" name="Amount" type="currency" source="entity">
			<WTFORMAT value="##,###.00" />
		</WTATTRIBUTE>
		<WTATTRIBUTE id="15308" name="Status" type="number" source="entity">
			<WTENUM id="1" name="Active"/>
			<WTENUM id="2" name="Inactive"/>
		</WTATTRIBUTE>
		<WTATTRIBUTE id="15309" name="Description" type="text" length="100" min="1" max="100" source="entity"/>
    <WTATTRIBUTE id="15310" name="Cap" type="currency" source="entity"/>

      <WTINDEX name="MerchantID">
			<WTATTRIBUTE name="MerchantID"/>
		</WTINDEX>

		<WTRELATIONSHIPS>
			<WTRELATIONSHIP name="Award" entity="Award" alias="awa"/>
			<WTRELATIONSHIP name="Common" entity="Award" alias="awa"/>
		</WTRELATIONSHIPS>

	</WTENTITY>

	<WTPROCEDURES>
		<!--==================================================================================================================-->
		<WTPROCEDURE type="Add" name="Add" style="GenerateDataProc.xsl"/>
		<!--==================================================================================================================-->
		<WTPROCEDURE type="Delete" name="Delete" style="GenerateDataProc.xsl"/>
		<!--===================================================================================-->
		<WTPROCEDURE type="EnumXML" name="EnumMerchant" blankrow="false" enumname="EnumUserMerchant" style="GenerateDataProc.xsl" nodata="true">
			<WTPARAM name="ATTR(Award.MerchantID)" direction="input"/>
			<WTPARAM name="ATTR(AwardType)" direction="input"/>
		</WTPROCEDURE>
		<!--===================================================================================-->
		<WTPROCEDURE type="Enum" name="EnumUserMerchant" style="GenerateDataProc.xsl" column="Description" template="new" passthru="true">
			<WTPARAM name="ATTR(Award.MerchantID)" direction="input"/>
			<WTPARAM name="ATTR(AwardType)" direction="input"/>
			<WTPARAM name="SYS(security)" direction="input"/>
			<WTCODEGROUP>
				<WTSELECT>
					<WTATTRIBUTE alias="ID" value="ATTR(Award.AwardID)"/>
					<WTATTRIBUTE alias="Name" value="CONST(CAST(awa.Amount AS VARCHAR(10)) + CASE AwardType WHEN 1 THEN '%  ' ELSE '  ' END + awa.Description)"/>
          <WTJOIN name="Award"/>
					<WTCONDITION expr="ATTR(Award.MerchantID)" oper="equal" value="PARAM(MerchantID)"/>
					<WTCONDITION expr="ATTR(Award.AwardType)" oper="equal" value="PARAM(AwardType)" connector="and"/>
					<WTCONDITION expr="ATTR(Award.Status)" oper="equal" value="CONST(1)" connector="and"/>
					<WTORDER name="ATTR(Award.Seq)"/>
				</WTSELECT>
			</WTCODEGROUP>
		</WTPROCEDURE>
		<!--==================================================================================================================-->
		<WTPROCEDURE type="Fetch" name="Fetch" style="GenerateDataProc.xsl">
			<WTJOIN name="Common"/>
		</WTPROCEDURE>
		<!--==========================================================================================-->
		<WTPROCEDURE type="Update" name="Update" style="GenerateDataProc.xsl"/>
		<!--==================================================================-->
		<WTPROCEDURE type="List" name="ListAllAwards" style="GenerateDataProc.xsl" template="new" passthru="true">
			<WTPARAM name="ATTR(MerchantID)" direction="input"/>
			<WTPARAM name="ATTR(AwardType)" direction="input"/>
			<WTCODEGROUP>
				<WTSELECT>
					<WTATTRIBUTE value="ATTR(Award.AwardID)"/>
					<WTATTRIBUTE value="ATTR(Award.AwardType)"/>
					<WTATTRIBUTE value="ATTR(Award.Seq)"/>
					<WTATTRIBUTE value="ATTR(Award.Amount)"/>
					<WTATTRIBUTE value="ATTR(Award.Status)"/>
          <WTATTRIBUTE value="ATTR(Award.Description)"/>
          <WTATTRIBUTE value="ATTR(Award.Cap)"/>
          <WTJOIN name="Award" lock="false"/>
					<WTCONDITION expr="ATTR(Award.MerchantID)" oper="equal" value="PARAM(MerchantID)"/>
					<WTCONDITION expr="ATTR(Award.AwardType)" oper="equal" value="PARAM(AwardType)" connector="and"/>
					<WTORDER name="ATTR(Award.Seq)"/>
				</WTSELECT>
			</WTCODEGROUP>
		</WTPROCEDURE>
		<!--==================================================================-->
		<WTPROCEDURE type="List" name="ListAwards" style="GenerateDataProc.xsl" template="new" passthru="true">
			<WTPARAM name="ATTR(MerchantID)" direction="input"/>
			<WTPARAM name="ATTR(AwardType)" direction="input"/>
			<WTCODEGROUP>
				<WTSELECT>
					<WTATTRIBUTE value="ATTR(Award.AwardID)"/>
					<WTATTRIBUTE value="ATTR(Award.AwardType)"/>
					<WTATTRIBUTE value="ATTR(Award.Seq)"/>
					<WTATTRIBUTE value="ATTR(Award.Amount)"/>
					<WTATTRIBUTE value="ATTR(Award.Status)"/>
					<WTATTRIBUTE value="ATTR(Award.Description)"/>
          <WTATTRIBUTE value="ATTR(Award.Cap)"/>
          <WTJOIN name="Award" lock="false"/>
					<WTCONDITION expr="ATTR(Award.MerchantID)" oper="equal" value="PARAM(MerchantID)"/>
					<WTCONDITION expr="ATTR(Award.AwardType)" oper="equal" value="PARAM(AwardType)" connector="and"/>
					<WTCONDITION expr="ATTR(Award.Status)" oper="equal" value="CONST(1)" connector="and"/>
					<WTORDER name="ATTR(Award.Seq)"/>
				</WTSELECT>
			</WTCODEGROUP>
		</WTPROCEDURE>
	</WTPROCEDURES>

	<WTWEBPAGES>
		<!--============================================================================================-->
		<WTWEBPAGE name="15302" caption="Add Award" page-width="400" page-left="10" margin-width="0" navbar="false" header="false" footer="false"
		aspstyle="GenerateWebASP.xsl" xslstyle="GenerateWebXSLAdd.xsl">
      <!--============================================================================================-->
			<WTPARAM name="MerchantID" datatype="number"/>
			<WTPARAM name="AwardType" datatype="number"/>

			<WTSUB name="NewAward">
				<WTOBJECT name="Award" project="ptsAwardUser" class="CAward">
					<WTMETHOD name="Load">
						<WTPARAM name="AwardID" direction="input" value="CONST(0)"/>
						<WTPARAM name="SecurityToken" direction="input" value="SYS(userid)"/>
					</WTMETHOD>
					<WTSETATTRIBUTE name="ATTR(Status)" value="CONST(1)"/>
					<WTMETHOD name="XML">
						<WTPARAM name="xmlAward" direction="return" datatype="text"/>
						<WTPARAM name="Option" direction="input" value="CONST(2)"/>
					</WTMETHOD>
				</WTOBJECT>
			</WTSUB>

			<WTSUB name="AddAward">
				<WTOBJECT name="Award" project="ptsAwardUser" class="CAward">
					<WTMETHOD name="Load">
						<WTPARAM name="AwardID" direction="input" value="CONST(0)"/>
						<WTPARAM name="SecurityToken" direction="input" value="SYS(userid)"/>
					</WTMETHOD>
					<WTSETATTRIBUTE name="ATTR(MerchantID)" value="PARAM(MerchantID)"/>
					<WTSETATTRIBUTE name="ATTR(AwardType)" value="PARAM(AwardType)"/>
					<WTSETATTRIBUTES/>
					<WTMETHOD name="Add">
						<WTPARAM name="AwardID" direction="return" datatype="number"/>
						<WTPARAM name="SecurityToken" direction="input" value="SYS(userid)"/>
					</WTMETHOD>
					<WTMETHOD name="XML">
						<WTCONDITION expr="IsErrors"/>
						<WTPARAM name="xmlAward" direction="return" datatype="text"/>
						<WTPARAM name="Option" direction="input" value="CONST(2)"/>
					</WTMETHOD>
				</WTOBJECT>
			</WTSUB>

			<WTACTION id="0" name="New" type="New">
				<WTCALLSUB name="NewAward"/>
			</WTACTION>

			<WTACTION id="2" name="Add" type="Add">
				<WTCALLSUB name="AddAward"/>
				<WTRETURN>
					<WTCONDITION expr="NoErrors"/>
				</WTRETURN>
			</WTACTION>

			<WTACTION id="3" name="Cancel" type="Cancel">
				<WTRETURN/>
			</WTACTION>

	 		<!--************************************************************************************-->
			<WTCONTENT>
				<WTCOLUMN width="100" align="right"/>
				<WTCOLUMN width="280" align="left"/>

				<WTROW>
					<WTHIDDEN value="PARAM(MerchantID)"/>
					<WTHIDDEN value="PARAM(AwardType)"/>
				</WTROW>

        <WTROW>
          <WTSTATIC col="1" merge="2" class="PageHeading" align="left">
            <WTSTATIC label="CashBackRewards">
              <WTCONDITION expr="PARAM(AwardType)" oper="equal" value="CONST(1)"/>
            </WTSTATIC>
            <WTSTATIC label="AwardPoints">
              <WTCONDITION expr="PARAM(AwardType)" oper="equal" value="CONST(2)"/>
            </WTSTATIC>
          </WTSTATIC>
        </WTROW>
				<WTROW margin-bottom="3">
					<WTDIVIDER col="1" merge="2" height="1" color="SYS(headerdivider)"/>
				</WTROW>

        <WTROW margin-bottom="3">
          <WTSTATIC col="1">
            <WTSTATIC tag="CashBack">
              <WTCONDITION expr="PARAM(AwardType)" oper="equal" value="CONST(1)"/>
            </WTSTATIC>
            <WTSTATIC tag="Points">
              <WTCONDITION expr="PARAM(AwardType)" oper="equal" value="CONST(2)"/>
            </WTSTATIC>
          </WTSTATIC>
          <WTSTATIC col="2">
            <WTCODEGROUP>
              <WTTEXT value="ATTR(Award.Amount)" size="4"/>
            </WTCODEGROUP>
            <WTSTATIC label="%">
              <WTCONDITION expr="PARAM(AwardType)" oper="equal" value="CONST(1)"/>
            </WTSTATIC>
          </WTSTATIC>
          <WTSTATIC col="2" space="2"/>
          <WTSTATIC col="2" tag="Cap"/>
          <WTTEXT col="2" value="ATTR(Award.Cap)" size="6" prespace="false"/>
        </WTROW>
        <WTROW margin-bottom="3">
					<WTSTATIC col="1" tag="Description" align="left"/>
				</WTROW>
				<WTROW margin-bottom="3">
					<WTMEMO col="1" merge="2" value="ATTR(Award.Description)" rows="2" cols="45" align="left"/>
				</WTROW>
				<WTROW margin-bottom="3">
					<WTSTATIC col="1" tag="Status"/>
					<WTCOMBO col="2" value="ATTR(Award.Status)"/>
					<WTSTATIC col="2" tag="Seq"/>
					<WTTEXT col="2" value="ATTR(Award.Seq)" size="2" prespace="false"/>
				</WTROW>

				<WTROW margin-top="12" margin-bottom="12">
					<WTBUTTON col="1" merge="2" action="2" value="CONST(Add)" align="center"/>
					<WTBUTTON col="1" merge="2" action="3" value="CONST(Cancel)"/>
				</WTROW>
				
			</WTCONTENT>
		</WTWEBPAGE>

		<!--============================================================================================-->
		<WTWEBPAGE name="15303" caption="Edit Award" page-width="400" page-left="10" margin-width="0" navbar="false" header="false" footer="false"
		aspstyle="GenerateWebASP.xsl" xslstyle="GenerateWebXSLAdd.xsl">
		<!--============================================================================================-->
			<WTPARAM name="AwardID" datatype="number"/>

			<WTACTION id="0" name="New" type="New">
				<WTOBJECT name="Award" project="ptsAwardUser" class="CAward">
					<WTMETHOD name="Load">
						<WTPARAM name="AwardID" direction="input" value="PARAM(AwardID)"/>
						<WTPARAM name="SecurityToken" direction="input" value="SYS(userid)"/>
					</WTMETHOD>
					<WTMETHOD name="XML">
						<WTPARAM name="xmlAward" direction="return" datatype="text"/>
						<WTPARAM name="Option" direction="input" value="CONST(2)"/>
					</WTMETHOD>
				</WTOBJECT>
			</WTACTION>

			<WTACTION id="1" name="Update" type="Update">
				<WTOBJECT name="Award" project="ptsAwardUser" class="CAward">
					<WTMETHOD name="Load">
						<WTPARAM name="AwardID" direction="input" value="PARAM(AwardID)"/>
						<WTPARAM name="SecurityToken" direction="input" value="SYS(userid)"/>
					</WTMETHOD>
					<WTSETATTRIBUTES/>
					<WTMETHOD name="Save">
						<WTCONDITION expr="NoErrors"/>
						<WTPARAM name="SecurityToken" direction="input" value="SYS(userid)"/>
					</WTMETHOD>
					<WTMETHOD name="XML">
						<WTCONDITION expr="IsErrors"/>
						<WTPARAM name="xmlAward" direction="return" datatype="text"/>
						<WTPARAM name="Option" direction="input" value="CONST(2)"/>
					</WTMETHOD>
				</WTOBJECT>
				<WTRETURN>
					<WTCONDITION expr="NoErrors"/>
				</WTRETURN>
			</WTACTION>

			<WTACTION id="3" name="Return" type="Cancel">
				<WTRETURN/>
			</WTACTION>

			<WTACTION id="4" name="Delete" type="Delete">
				<WTOBJECT name="Award" project="ptsAwardUser" class="CAward">
					<WTMETHOD name="Delete">
						<WTPARAM name="AwardID" direction="input" value="PARAM(AwardID)"/>
						<WTPARAM name="SecurityToken" direction="input" value="SYS(userid)"/>
					</WTMETHOD>
				</WTOBJECT>
				<WTRETURN>
					<WTCONDITION expr="NoErrors"/>
				</WTRETURN>
			</WTACTION>

	 		<!--************************************************************************************-->
			<WTCONTENT>
				<WTCOLUMN width="100" align="right"/>
				<WTCOLUMN width="280" align="left"/>

        <WTROW>
          <WTSTATIC col="1" merge="2" class="PageHeading" align="left">
            <WTSTATIC label="RewardID" value="ATTR(Award.AwardID)">
              <WTCONDITION expr="ATTR(Award.AwardType)" oper="equal" value="CONST(1)"/>
            </WTSTATIC>
            <WTSTATIC label="AwardID" value="ATTR(Award.AwardID)">
              <WTCONDITION expr="ATTR(Award.AwardType)" oper="equal" value="CONST(2)"/>
            </WTSTATIC>
          </WTSTATIC>
        </WTROW>
        <WTROW margin-bottom="6">
					<WTDIVIDER col="1" merge="2" align="left" height="1" color="SYS(headerdivider)"/>
				</WTROW>

				<WTROW margin-bottom="3">
					<WTSTATIC col="1">
						<WTSTATIC tag="CashBack">
							<WTCONDITION expr="ATTR(Award.AwardType)" oper="equal" value="CONST(1)"/>
						</WTSTATIC>
						<WTSTATIC tag="Points">
							<WTCONDITION expr="ATTR(Award.AwardType)" oper="equal" value="CONST(2)"/>
						</WTSTATIC>
					</WTSTATIC>
					<WTSTATIC col="2">
						<WTCODEGROUP>
							<WTTEXT value="ATTR(Award.Amount)" size="4"/>
						</WTCODEGROUP>
						<WTSTATIC label="%">
							<WTCONDITION expr="ATTR(Award.AwardType)" oper="equal" value="CONST(1)"/>
						</WTSTATIC>
					</WTSTATIC>
          <WTSTATIC col="2" space="2"/>
          <WTSTATIC col="2" tag="Cap"/>
          <WTTEXT col="2" value="ATTR(Award.Cap)" size="6" prespace="false"/>
        </WTROW>
        <WTROW margin-bottom="3">
					<WTSTATIC col="1" tag="Description" align="left"/>
				</WTROW>
				<WTROW margin-bottom="3">
					<WTMEMO col="1" merge="2" value="ATTR(Award.Description)" rows="2" cols="45" align="left"/>
				</WTROW>
				<WTROW margin-bottom="3">
					<WTSTATIC col="1" tag="Status"/>
					<WTCOMBO col="2" value="ATTR(Award.Status)"/>
					<WTSTATIC col="2" tag="Seq"/>
					<WTTEXT col="2" value="ATTR(Award.Seq)" size="2" prespace="false"/>
				</WTROW>

				<WTROW margin-top="12" margin-bottom="12">
					<WTBUTTON col="1" merge="2" action="1" value="CONST(Update)" align="center">
						<WTCONDITION expr="IsActive"/>
					</WTBUTTON>
					<WTBUTTON col="1" merge="2" action="3" value="CONST(Return)"/>
					<WTBUTTON col="1" merge="2" action="4" value="CONST(Delete)" align="center" msg="ConfirmDelete">
						<WTCONDITION expr="IsManager"/>
					</WTBUTTON>
				</WTROW>

			</WTCONTENT>
		</WTWEBPAGE>

    <!--============================================================================================-->
    <WTWEBPAGE name="15311" caption="Merchant Awards" page-width="400" page-left="10" margin-width="0" navbar="false" header="false" footer="false"
		aspstyle="GenerateWebASP.xsl" xslstyle="GenerateWebXSLList.xsl">
      <!--============================================================================================-->
      <WTPARAM name="MerchantID" datatype="number"/>
      <WTPARAM name="AwardType" datatype="number"/>

      <WTINCLUDE name="2FA.asp"/>
      <WTCODEGROUP>
        <WTCALLSUB name="Check2FAMerchant reqMerchantID"/>
      </WTCODEGROUP>


      <WTACTION name="New" type="New" id="0">
        <WTOBJECT name="Merchant" project="ptsMerchantUser" class="CMerchant">
          <WTMETHOD name="Load">
            <WTPARAM name="MerchantID" direction="input" value="PARAM(MerchantID)"/>
            <WTPARAM name="SecurityToken" direction="input" value="SYS(userid)"/>
          </WTMETHOD>
          <WTMETHOD name="XML">
            <WTPARAM name="xmlMerchant" direction="return" datatype="text"/>
            <WTPARAM name="Option" direction="input" value="CONST(2)"/>
          </WTMETHOD>
        </WTOBJECT>
        <WTOBJECT name="Awards" project="ptsAwardUser" class="CAwards">
          <WTMETHOD name="ListAllAwards">
            <WTPARAM name="MerchantID" direction="input" value="PARAM(MerchantID)"/>
            <WTPARAM name="AwardType" direction="input" value="PARAM(AwardType)"/>
          </WTMETHOD>
          <WTMETHOD name="XML">
            <WTPARAM name="xmlAwards" direction="return" datatype="text"/>
            <WTPARAM name="Option" direction="input" value="CONST(13)"/>
          </WTMETHOD>
        </WTOBJECT>
      </WTACTION>

      <WTACTION id="3" name="Return" type="Cancel">
        <WTRETURN/>
      </WTACTION>

      <!--************************************************************************************-->
      <WTCONTENT>
        <WTCOLUMN width="380" align="left"/>

        <WTFUNCTION name="NewAward()">
          var url, mid, awd;
          mid = document.getElementById('MerchantID').value
          awd = document.getElementById('AwardType').value
          url = "15302.asp?merchantid=" + mid + "&amp;awardtype=" + awd
          window.location = url + "&amp;returnurl=15311.asp?merchantid=" + mid + "%26awardtype=" + awd
        </WTFUNCTION>

        <WTROW>
          <WTHIDDEN name="MerchantID" value="PARAM(MerchantID)"/>
          <WTHIDDEN name="AwardType" value="PARAM(AwardType)"/>
        </WTROW>

        <WTROW>
          <WTSTATIC col="1" class="PageHeading" align="center">
            <WTSTATIC label="CashBackRewards">
              <WTCONDITION expr="PARAM(AwardType)" oper="equal" value="CONST(1)"/>
            </WTSTATIC>
            <WTSTATIC label="AwardPoints">
              <WTCONDITION expr="PARAM(AwardType)" oper="equal" value="CONST(2)"/>
            </WTSTATIC>
            <WTSTATIC newline="1"/>
            <WTSTATIC value="ATTR(Merchant.MerchantName)"/>
          </WTSTATIC>
        </WTROW>

        <WTROW>
          <WTRECORDSET col="1" graybar="true" entity="Award">
            <WTCOLUMN width="5" align="center" valign="top" label="#"/>
            <WTCOLUMN width="20" align="center" valign="top" label="Amount"/>
            <WTCOLUMN width="60" align="left" valign="top" label="Description"/>
            <WTCOLUMN width="15" align="center" valign="top" label="Status"/>
            <WTROW height="24">
              <WTSTATIC col="1" value="DATA(AwardID)"/>
              <WTSTATIC col="2">
                <WTSTATIC>
                  <WTCONDITION expr="DATA(Status)" oper="equal" value="CONST(1)"/>
                  <WTSTATIC value="DATA(Amount)"/>
                  <WTSTATIC label="%">
                    <WTCONDITION expr="DATA(AwardType)" oper="equal" value="CONST(1)"/>
                  </WTSTATIC>
                </WTSTATIC>
                <WTSTATIC fontcolor="red">
                  <WTCONDITION expr="DATA(Status)" oper="equal" value="CONST(2)"/>
                  <WTSTATIC value="DATA(Amount)" fontcolor="red"/>
                  <WTSTATIC label="%">
                    <WTCONDITION expr="DATA(AwardType)" oper="equal" value="CONST(1)"/>
                  </WTSTATIC>
                </WTSTATIC>
                <WTCODEGROUP>
                  <WTSTATIC space="1"/>
                  <WTIMAGE value="CONST(Edit.gif)" imgalign="absmiddle">
                    <WTLINK name="15303">
                      <WTPARAM name="AwardID" value="DATA(AwardID)"/>
                    </WTLINK>
                  </WTIMAGE>
                </WTCODEGROUP>
              </WTSTATIC>
              <WTSTATIC col="3">
                <WTSTATIC value="DATA(Award.Description)"/>
                <WTSTATIC fontcolor="red">
                  <WTCONDITION expr="DATA(Cap)" oper="not-equal" value="CONST('$0.00')"/>
                  <WTSTATIC space="1"/>
                  <WTSTATIC label="upto" space="1"/>
                  <WTSTATIC value="DATA(Cap)"/>
                </WTSTATIC>
              </WTSTATIC>
              <WTSTATIC col="4">
                <WTCODEGROUP>
                  <WTCONDITION expr="DATA(Status)" oper="equal" value="CONST(1)"/>
                  <WTSTATIC value="DATA(Award.Status)" space="1"/>
                  <WTSTATIC value="DATA(Award.Seq)"/>
                </WTCODEGROUP>
                <WTSTATIC fontcolor="red">
                  <WTCONDITION expr="DATA(Status)" oper="equal" value="CONST(2)"/>
                  <WTSTATIC value="DATA(Award.Status)" space="1"/>
                  <WTSTATIC value="DATA(Award.Seq)"/>
                </WTSTATIC>
              </WTSTATIC>
            </WTROW>
          </WTRECORDSET>
        </WTROW>

        <WTROW margin-top="12" margin-bottom="12">
          <WTBUTTON col="1" value="CONST(NewAward)" align="center">
            <WTCLICK>NewAward()</WTCLICK>
          </WTBUTTON>
          <WTBUTTON col="1" value="CONST(Close)" align="center">
            <WTCLICK>window.close()</WTCLICK>
          </WTBUTTON>
        </WTROW>

      </WTCONTENT>
    </WTWEBPAGE>

    <!--============================================================================================-->
    <WTWEBPAGE name="15312" caption="Merchant Awards" page-width="400" page-left="10" margin-width="0" navbar="false" header="false" footer="false"
		aspstyle="GenerateWebASP.xsl" xslstyle="GenerateWebXSLList.xsl">
      <!--============================================================================================-->
      <WTPARAM name="MerchantID" datatype="number"/>

      <WTACTION name="New" type="New" id="0">
        <WTOBJECT name="Merchant" project="ptsMerchantUser" class="CMerchant">
          <WTMETHOD name="Load">
            <WTPARAM name="MerchantID" direction="input" value="PARAM(MerchantID)"/>
            <WTPARAM name="SecurityToken" direction="input" value="SYS(userid)"/>
          </WTMETHOD>
          <WTMETHOD name="XML">
            <WTPARAM name="xmlMerchant" direction="return" datatype="text"/>
            <WTPARAM name="Option" direction="input" value="CONST(2)"/>
          </WTMETHOD>
        </WTOBJECT>
        <WTOBJECT name="Awards" project="ptsAwardUser" class="CAwards">
          <WTMETHOD name="ListAwards">
            <WTPARAM name="MerchantID" direction="input" value="PARAM(MerchantID)"/>
            <WTPARAM name="AwardType" direction="input" value="CONST(2)"/>
          </WTMETHOD>
          <WTMETHOD name="XML">
            <WTPARAM name="xmlAwards" direction="return" datatype="text"/>
            <WTPARAM name="Option" direction="input" value="CONST(13)"/>
          </WTMETHOD>
        </WTOBJECT>
      </WTACTION>

      <WTACTION id="3" name="Return" type="Cancel">
        <WTRETURN/>
      </WTACTION>

      <!--************************************************************************************-->
      <WTCONTENT>
        <WTCOLUMN width="380" align="left"/>

        <WTROW margin-bottom="3">
          <WTSTATIC col="1" merge="2" class="PageHeading" align="center">
            <WTCODEGROUP>
              <WTIMAGE value="CONST(gift24.png)" imgalign="absmiddle"/>
              <WTSTATIC space="1"/>
              <WTSTATIC label="AwardPoints"/>
              <WTSTATIC newline="1"/>
              <WTSTATIC value="ATTR(Merchant.MerchantName)"/>
            </WTCODEGROUP>
          </WTSTATIC>
        </WTROW>

        <WTROW>
          <WTRECORDSET col="1" graybar="true" entity="Award">
            <WTCOLUMN width="20" align="center" valign="top" label="Points"/>
            <WTCOLUMN width="80" align="left" valign="top" label="Description"/>
            <WTROW height="30">
              <WTSTATIC col="1" value="DATA(Amount)"/>
              <WTSTATIC col="2" value="DATA(Award.Description)"/>
            </WTROW>
          </WTRECORDSET>
        </WTROW>

        <WTROW margin-top="12" margin-bottom="12">
          <WTBUTTON col="1" value="CONST(Close)" align="center">
            <WTCLICK>window.close()</WTCLICK>
          </WTBUTTON>
        </WTROW>

      </WTCONTENT>
    </WTWEBPAGE>

      <!--============================================================================================-->
    <WTWEBPAGE name="m_15312" caption="Merchant Awards" page-left="3" page-top="0" navbar="false" header="false" footer="false" wrapper="false"
      page-width="100%" margin-width="0%" navbar-width="0%" content-width="100%" viewport="width=device-width"
       aspstyle="GenerateWebASP.xsl" xslstyle="GenerateWebXSLItem.xsl">
      <!--============================================================================================-->
      <WTPARAM name="MerchantID" datatype="number"/>

      <WTACTION name="New" type="New" id="0">
        <WTOBJECT name="Merchant" project="ptsMerchantUser" class="CMerchant">
          <WTMETHOD name="Load">
            <WTPARAM name="MerchantID" direction="input" value="PARAM(MerchantID)"/>
            <WTPARAM name="SecurityToken" direction="input" value="SYS(userid)"/>
          </WTMETHOD>
          <WTMETHOD name="XML">
            <WTPARAM name="xmlMerchant" direction="return" datatype="text"/>
            <WTPARAM name="Option" direction="input" value="CONST(2)"/>
          </WTMETHOD>
        </WTOBJECT>
        <WTOBJECT name="Awards" project="ptsAwardUser" class="CAwards">
          <WTMETHOD name="ListAwards">
            <WTPARAM name="MerchantID" direction="input" value="PARAM(MerchantID)"/>
            <WTPARAM name="AwardType" direction="input" value="CONST(2)"/>
          </WTMETHOD>
          <WTMETHOD name="XML">
            <WTPARAM name="xmlAwards" direction="return" datatype="text"/>
            <WTPARAM name="Option" direction="input" value="CONST(13)"/>
          </WTMETHOD>
        </WTOBJECT>
      </WTACTION>

      <WTACTION id="3" name="Return" type="Cancel">
        <WTRETURN/>
      </WTACTION>

      <!--************************************************************************************-->
      <WTCONTENT>
        <WTCOLUMN width="100" align="left"/>

        <WTROW margin-bottom="3">
          <WTSTATIC col="1" merge="2" class="PageHeading" align="center">
            <WTCODEGROUP>
              <WTIMAGE value="CONST(gift24.png)" imgalign="absmiddle"/>
              <WTSTATIC space="1"/>
              <WTSTATIC label="AwardPoints"/>
              <WTSTATIC newline="1"/>
              <WTSTATIC value="ATTR(Merchant.MerchantName)"/>
            </WTCODEGROUP>
          </WTSTATIC>
        </WTROW>

        <WTROW>
          <WTRECORDSET col="1" graybar="true" entity="Award">
            <WTCOLUMN width="20" align="center" valign="top" label="Points"/>
            <WTCOLUMN width="80" align="left" valign="top" label="Description"/>
            <WTROW height="30">
              <WTSTATIC col="1" value="DATA(Amount)"/>
              <WTSTATIC col="2" value="DATA(Award.Description)"/>
            </WTROW>
          </WTRECORDSET>
        </WTROW>

        <WTROW margin-top="12" margin-bottom="12">
          <WTBUTTON col="1" value="CONST(Close)" align="center">
            <WTCLICK>window.close()</WTCLICK>
          </WTBUTTON>
        </WTROW>

      </WTCONTENT>
    </WTWEBPAGE>

  </WTWEBPAGES>
</WTROOT>