<WTROOT prefix="pts" dbo="dbo" system="Pinnacle" language="false">
	<WTENTITY id="83" name="BoardUser" alias="mbu" log="false" translate="false">

		<!--Identity-->
		<WTATTRIBUTE id="8301" name="BoardUserID" type="number" identity="true" min="1" required="true" source="entity"/>
		<!--Foreign Keys-->
		<WTATTRIBUTE id="8302" name="AuthUserID" type="number" source="entity"></WTATTRIBUTE>
		
		<!--Foreign Table Fields-->
		<WTATTRIBUTE id="8304" name="AuthUserNameLast" type="text" length="30" min="1" max="30" source="join">
			<WTJOIN entity="AuthUser" name="NameFirst"/>
		</WTATTRIBUTE>
		<WTATTRIBUTE id="8305" name="AuthUserNameFirst" type="text" length="30" min="1" max="30" source="join">
			<WTJOIN entity="AuthUser" name="NameLast"/>
		</WTATTRIBUTE>
		<WTATTRIBUTE id="8306" name="AuthUserName" type="text" length="62" min="1" max="62" source="join">
			<WTJOIN entity="AuthUser" name="AuthUserName"/>
			<WTCOMPUTE name="AuthUserNameFirst"/>
			<WTCOMPUTE text=" "/>
			<WTCOMPUTE name="AuthUserNameLast"/>
		</WTATTRIBUTE>
		<WTATTRIBUTE id="8307" name="Email" type="text" length="80" min="1" max="80" source="join">
			<WTJOIN entity="AuthUser" name="Email"/>
		</WTATTRIBUTE>
		<WTATTRIBUTE id="8308" name="BoardUserPassword" type="text" length="30" min="1" max="30" source="join">
			<WTJOIN entity="AuthUser" name="Password"/>
		</WTATTRIBUTE>

		<!--Attributes-->
		<WTATTRIBUTE id="8312" name="BoardUserName" type="text" length="32" min="1" max="32" source="entity" title="true"/>
		
		<WTATTRIBUTE id="8313" name="BoardUserGroup" type="number" source="entity">
			<WTENUM id="1" name="User"/>
			<WTENUM id="2" name="Moderator"/>
			<WTENUM id="3" name="Admin"/>
		</WTATTRIBUTE>
		<WTATTRIBUTE id="8314" name="IsPublicName" type="yesno" source="entity"/>
		<WTATTRIBUTE id="8315" name="IsPublicEmail" type="yesno" source="entity"/>
		
		<WTATTRIBUTE id="8320" name="Signature" type="text" length="500" min="1" max="500" embedhtml="true" source="entity"/>
		
		<WTATTRIBUTE id="8399" name="ForumID" type="number" source="entity" persist="false"/>
		
		<!--Indexes-->
		<WTINDEX name="AuthUserID">
			<WTATTRIBUTE name="AuthUserID"/>
		</WTINDEX>
		
		<!--Relationships-->
		<WTRELATIONSHIPS>
			<WTRELATIONSHIP name="BoardUser" entity="BoardUser" alias="mbu"/>
			<WTRELATIONSHIP name="Common" entity="BoardUser" alias="mbu">
				<WTENTITY name="AuthUser" entity="AuthUser" alias="au">
					<WTATTRIBUTE alias="mbu" name="AuthUserID" relalias="au" relname="AuthUserID"/>
				</WTENTITY>
			</WTRELATIONSHIP>
		</WTRELATIONSHIPS>

		<WTENUM id="1" type="find">
			<WTATTRIBUTE name="BoardUserGroup"/>
			<WTATTRIBUTE name="BoardUserName" default="true"/>
		</WTENUM>

		<!-- System Constants --> 
		<WTSYSCONS>
			<WTSYSCON name="BOARDUSER-GROUP-USER" value="1"/>
			<WTSYSCON name="BOARDUSER-GROUP-MODERATOR" value="2"/>
			<WTSYSCON name="BOARDUSER-GROUP-ADMIN" value="3"/>
		</WTSYSCONS>

	 </WTENTITY>

	<WTPROCEDURES>
		<!--================================================================================================-->
		<WTPROCEDURE type="Add" name="Add" style="GenerateDataProc.xsl" template="new">
			<WTDECLARE name="Now" datatype="date"/>
			<WTDECLARE name="NewID" datatype="number"/>
			<WTSETVALUE name="Now" value="SYS(timestamp)"/>
			<WTCODEGROUP>
				<WTINSERT/>
			</WTCODEGROUP>
			<WTSETVALUE name="NewID" value="CONST(@@IDENTITY)"/>
<!--
			<WTCODEGROUP>
				<WTPROCEDURE name="BoardUser_AddMUC">
					<WTPARAM name="ATTR(BoardUserID)" direction="input" value="NewID"/>
					<WTPARAM name="ATTR(AuthUserID)" direction="input" value="PARAM(AuthUserID)"/>
					<WTPARAM name="ATTR(BoardUserName)" direction="input" value="PARAM(BoardUserName)"/>
					<WTPARAM name="ATTR(BoardUserGroup)" direction="input" value="PARAM(BoardUserGroup)"/>
					<WTPARAM name="ATTR(IsPublicName)" direction="input" value="PARAM(IsPublicName)"/>
					<WTPARAM name="ATTR(IsPublicEmail)" direction="input" value="PARAM(IsPublicEmail)"/>
				</WTPROCEDURE>			
			</WTCODEGROUP>	
-->					
			<WTSETVALUE name="PARAM(BoardUserID)" value="NewID"/>
		</WTPROCEDURE>
		<!--================================================================================================-->
		<WTPROCEDURE type="Delete" name="Delete" style="GenerateDataProc.xsl" template="new">
			<WTPARAM name="ATTR(BoardUserID)" direction="input"/>
			<WTPARAM name="SYS(userid)" direction="input"/>
<!--
			<WTCODEGROUP>
				<WTPROCEDURE name="BoardUser_DeleteMUC">
					<WTPARAM name="ATTR(BoardUserID)" direction="input" value="PARAM(BoardUserID)"/>
				</WTPROCEDURE>			
			</WTCODEGROUP>	
-->			
			<WTCODEGROUP>
				<WTDELETE>
					<WTJOIN name="BoardUser" lock="true"/>
					<WTCONDITION expr="ATTR(BoardUserID)" oper="equal" value="PARAM(BoardUserID)"/>
				</WTDELETE>
			</WTCODEGROUP>
		</WTPROCEDURE>
		<!--================================================================================================-->
		<WTPROCEDURE type="Enum" name="Enum" style="GenerateDataProc.xsl" column="BoardUserName"/>
		<!--================================================================================================-->
		<WTPROCEDURE type="Fetch" name="Fetch" style="GenerateDataProc.xsl">
			<WTJOIN name="Common"/>
		</WTPROCEDURE>
		<!--================================================================================================-->
		<WTPROCEDURE type="Find" name="Find" style="GenerateDataProc.xsl">
			<WTBOOKMARK name=""/>
			<WTPARAM name="SYS(userid)" direction="input"/>
			<WTJOIN name="Common"/>
		</WTPROCEDURE>
		<!--==================================================================-->
		<WTPROCEDURE type="Check" name="GetBoardUser" style="GenerateDataProc.xsl" template="new" passthru="true" noedit="true" >
		<!--==================================================================-->
			<WTPARAM name="SYS(userid)" direction="input"/>
			<WTPARAM name="BoardUserID" datatype="number" direction="output" />
			<WTCODEGROUP>
				<WTSELECT >
					<WTATTRIBUTE value="ATTR(BoardUserID)" name="PARAM(BoardUserID)" null="0"/>
					<WTJOIN name="BoardUser"/>
					<WTCONDITION expr="ATTR(AuthUserID)" oper="equal" value="PARAM(UserID)"/>
				</WTSELECT>
			</WTCODEGROUP>
		</WTPROCEDURE>
		<!--==================================================================-->
		<WTPROCEDURE type="List" name="ListModerators" style="GenerateDataProc.xsl" template="new" passthru="true" nodata="true">
		<!--==================================================================-->
			<WTPARAM name="ATTR(ForumID)" direction="input"/>
			<WTPARAM name="SYS(userid)" direction="input"/>
			<WTCODEGROUP>
				<WTSELECT>
					<WTATTRIBUTE value="ATTR(BoardUser.BoardUserID)"/>
					<WTATTRIBUTE value="ATTR(BoardUser.BoardUserName)"/>
					<WTATTRIBUTE value="ATTR(BoardUser.BoardUserGroup)"/>
					<WTJOIN name="Common"/>
					<WTCONDITION expr="ATTR(ForumID)" oper="equal" value="PARAM(ForumID)"/>
					<WTORDER name="ATTR(BoardUser.BoardUserName)"/>
				</WTSELECT>
			</WTCODEGROUP>
		</WTPROCEDURE>
		<!--================================================================================================-->
		<WTPROCEDURE type="Update" name="Update" style="GenerateDataProc.xsl" template="new">
			<WTDECLARE name="Now" datatype="date"/>
			<WTDECLARE name="NewID" datatype="number"/>
			<WTSETVALUE name="Now" value="SYS(timestamp)"/>
<!--
			<WTCODEGROUP>
				<WTPROCEDURE name="BoardUser_UpdateMUC">
					<WTPARAM name="ATTR(BoardUserID)" direction="input" value="PARAM(BoardUserID)"/>
					<WTPARAM name="ATTR(AuthUserID)" direction="input" value="PARAM(AuthUserID)"/>
					<WTPARAM name="ATTR(BoardUserName)" direction="input" value="PARAM(BoardUserName)"/>
					<WTPARAM name="ATTR(BoardUserGroup)" direction="input" value="PARAM(BoardUserGroup)"/>
					<WTPARAM name="ATTR(IsPublicName)" direction="input" value="PARAM(IsPublicName)"/>
					<WTPARAM name="ATTR(IsPublicEmail)" direction="input" value="PARAM(IsPublicEmail)"/>
				</WTPROCEDURE>
			</WTCODEGROUP>
-->			
			<WTCODEGROUP>
				<WTUPDATE>
					<WTJOIN name="BoardUser" lock="true"/>
					<WTCONDITION expr="ATTR(BoardUser.BoardUserID)" oper="equal" value="PARAM(BoardUserID)"/>
				</WTUPDATE>
			</WTCODEGROUP>
		</WTPROCEDURE>
	</WTPROCEDURES>

	<WTWEBPAGES>
		<!--============================================================================================-->
		<WTWEBPAGE name="8301" caption="Find" action="5" aspstyle="GenerateWebASP.xsl" xslstyle="GenerateWebXSLList.xsl" secured="23">
		<!--============================================================================================-->
			<WTPARAM name="SearchText" datatype="text"/>
			<WTPARAM name="FindTypeID" datatype="number"/>
			<WTPARAM name="Bookmark" datatype="text"/>
			<WTPARAM name="Direction" datatype="number"/>

			<WTSETATTRIBUTE name="PARAM(FindTypeID)" value="FINDID(BoardUserName)">
				<WTCONDITION expr="PARAM(FindTypeID)" oper="equal" value="CONST(0)"/>
			</WTSETATTRIBUTE>

			<WTACTION id="0" name="New" type="New">
				<WTSETATTRIBUTE name="PARAM(Bookmark)" value="CONST(&quot;&quot;)"/>
				<WTSETATTRIBUTE name="PARAM(Direction)" value="CONST(1)"/>
				<WTOBJECT name="BoardUsers" project="ptsBoardUserUser" class="CBoardUsers">
					<WTSETATTRIBUTE name="CONST(.FindTypeID)" value="PARAM(FindTypeID)"/>
					<WTMETHOD name="XML">
						<WTPARAM name="xmlBoardUsers" direction="return" datatype="text"/>
						<WTPARAM name="Option" direction="input" value="CONST(14)"/>
					</WTMETHOD>
				</WTOBJECT>
				<WTOBJECT name="Bookmark" project="wtSystem" class="CBookmark"/>
			</WTACTION>

			<WTACTION id="5" name="Find" type="New">
				<WTSETATTRIBUTE name="PARAM(Bookmark)" value="CONST(&quot;&quot;)"/>
				<WTSETATTRIBUTE name="PARAM(Direction)" value="CONST(1)"/>
			</WTACTION>

			<WTACTION id="6" name="Previous" type="New">
				<WTSETATTRIBUTE name="PARAM(Direction)" value="CONST(2)"/>
			</WTACTION>

			<WTACTION id="7" name="Next" type="New">
				<WTSETATTRIBUTE name="PARAM(Direction)" value="CONST(1)"/>
			</WTACTION>

			<WTOBJECT name="BoardUsers" project="ptsBoardUserUser" class="CBoardUsers">
				<WTMETHOD name="Find">
					<WTPARAM name="reqBookmark" direction="return" datatype="text"/>
					<WTPARAM name="FindTypeID" direction="input" value="PARAM(FindTypeID)"/>
					<WTPARAM name="Bookmark" direction="input" value="PARAM(Bookmark)"/>
					<WTPARAM name="SearchText" direction="input" value="PARAM(SearchText)"/>
					<WTPARAM name="Direction" direction="input" value="PARAM(Direction)"/>
					<WTPARAM name="SecurityToken" direction="input" value="SYS(userid)"/>
				</WTMETHOD>
				<WTMETHOD name="XML">
					<WTPARAM name="xmlBoardUsers" direction="return" datatype="text"/>
						<WTPARAM name="Option" direction="input" value="CONST(14)"/>
				</WTMETHOD>
			</WTOBJECT>
			<WTOBJECT name="Bookmark" project="wtSystem" class="CBookmark">
				<WTSETATTRIBUTE name="ATTR(LastBookmark)" value="PARAM(Bookmark)"/>
				<WTMETHOD name="XML">
					<WTPARAM name="xmlBookmark" direction="return" datatype="text"/>
				</WTMETHOD>
			</WTOBJECT>

	 		<!--*****************************************************************************-->
			<WTCONTENT>
				<WTCOLUMN width="600" align="left"/>
				
				<WTROW>
					<WTSTATIC col="1" label="BoardUsers" class="PageHeading"/>
				</WTROW>
				<WTROW>
					<WTDIVIDER col="1" align="left" height="1" color="SYS(headerdivider)"/>
				</WTROW>
				<WTROW margin-bottom="6">
					<WTSTATIC col="1" label="BoardUserFindText" align="left" class="prompt"/>
				</WTROW>
				<WTROW margin-bottom="6">
					<WTDIVIDER col="1" height="1" color="SYS(divider)"/>
				</WTROW>

				<WTROW margin-bottom="6">
					<WTSTATIC col="1" tag="SearchBy" class="ColumnHeader"/>
					<WTCOMBO col="1" value="ATTR(BoardUsers.FindTypeID)" translate="true"/>
					<WTSTATIC col="1" tag="SearchFor" class="ColumnHeader"/>
					<WTTEXT col="1" value="ATTR(Bookmark.SearchText)" size="20" focus="true"/>
					<WTBUTTON col="1" action="5" value="CONST(Go)" default="true"/>
				</WTROW>

				<WTROW>
					<WTRECORDSET col="1" graybar="true" prevnext="true" entity="BoardUser">
						<WTCOLUMN width="30" align="left" valign="top" label="BoardUserName"/>
						<WTCOLUMN width="30" align="left" valign="top" label="Title"/>
						<WTCOLUMN width="40" align="left" valign="top" label="Email"/>
						<WTROW>
							<WTSTATIC col="1" value="DATA(BoardUser.BoardUserName)">
								<WTLINK name="8303"><WTPARAM name="BoardUserID" value="DATA(BoardUser.BoardUserID)"/></WTLINK>
							</WTSTATIC>
							<WTSTATIC col="2" value="DATA(BoardUser.Title)">
								<WTLINK name="8303"><WTPARAM name="BoardUserID" value="DATA(BoardUser.BoardUserID)"/></WTLINK>
							</WTSTATIC>
							<WTSTATIC col="3" value="DATA(BoardUser.Email)">
								<WTLINK name="8303"><WTPARAM name="BoardUserID" value="DATA(BoardUser.BoardUserID)"/></WTLINK>
							</WTSTATIC>
						</WTROW>
					</WTRECORDSET>
				</WTROW>

			</WTCONTENT>
		</WTWEBPAGE>

		<!--=================================================================================-->
		<WTWEBPAGE name="8303" navbar="false" aspstyle="GenerateWebASP.xsl" xslstyle="GenerateWebXSLItem.xsl">
		<!--=================================================================================-->
			<WTPARAM name="BoardUserID" datatype="number"/>

			<WTCODEGROUP>
				<WTCONDITION expr="NotEmployee"/>
				<WTCONDITION expr="PARAM(BoardUserID)" oper="not-equal" value="SYS(brduserid)" connector="and"/>				
				<WTRETURN/>
			</WTCODEGROUP>
			
			<WTACTION id="0" name="New" type="New">
				<WTOBJECT name="BoardUser" project="ptsBoardUserUser" class="CBoardUser">
					<WTMETHOD name="Load">
						<WTPARAM name="BoardUserID" direction="input" value="PARAM(BoardUserID)"/>
						<WTPARAM name="SecurityToken" direction="input" value="SYS(userid)"/>
					</WTMETHOD>
					<WTMETHOD name="XML">
						<WTPARAM name="xmlBoardUser" direction="return" datatype="text"/>
						<WTPARAM name="Option" direction="input" value="CONST(2)"/>
					</WTMETHOD>
				</WTOBJECT>
			</WTACTION>

			<WTACTION id="1" name="Update" type="Update">
				<WTOBJECT name="BoardUser" project="ptsBoardUserUser" class="CBoardUser">
					<WTMETHOD name="Load">
						<WTPARAM name="BoardUserID" direction="input" value="PARAM(BoardUserID)"/>
						<WTPARAM name="SecurityToken" direction="input" value="SYS(userid)"/>
					</WTMETHOD>
					<WTSETATTRIBUTES/>
					<WTMETHOD name="Save">
						<WTPARAM name="SecurityToken" direction="input" value="SYS(userid)"/>
					</WTMETHOD>
					<WTMETHOD name="XML">
	 					<WTCONDITION expr="IsErrors"/>
						<WTPARAM name="xmlBoardUser" direction="return" datatype="text"/>
						<WTPARAM name="Option" direction="input" value="CONST(2)"/>
					</WTMETHOD>
				</WTOBJECT>
				<WTRETURN>
					<WTCONDITION expr="NoErrors"/>
				</WTRETURN>
			</WTACTION>

			<WTACTION id="3" name="Cancel" type="Cancel">
				<WTRETURN/>
			</WTACTION>

			<WTACTION id="4" name="Delete" type="Delete">
				<WTOBJECT name="BoardUser" project="ptsBoardUserUser" class="CBoardUser">
					<WTMETHOD name="Delete">
						<WTPARAM name="BoardUserID" direction="input" value="PARAM(BoardUserID)"/>
						<WTPARAM name="SecurityToken" direction="input" value="SYS(userid)"/>
					</WTMETHOD>
				</WTOBJECT>
				<WTOBJECT name="BoardUser" project="ptsBoardUserUser" class="CBoardUser">
					<WTCONDITION expr="IsErrors"/>
					<WTMETHOD name="Load">
						<WTPARAM name="BoardUserID" direction="input" value="PARAM(BoardUserID)"/>
						<WTPARAM name="SecurityToken" direction="input" value="SYS(userid)"/>
					</WTMETHOD>
					<WTMETHOD name="XML">
						<WTPARAM name="xmlBoardUser" direction="return" datatype="text"/>
						<WTPARAM name="Option" direction="input" value="CONST(2)"/>
					</WTMETHOD>
				</WTOBJECT>
				<WTRETURN>
					<WTCONDITION expr="NoErrors"/>
				</WTRETURN>
			</WTACTION>

	 		<!--*****************************************************************************-->
			<WTCONTENT>
				<WTCOLUMN width="100" align="right"/>
				<WTCOLUMN width="650" align="left"/>

				<WTROW>
					<WTSTATIC col="1" merge="2" tag="BoardUser" value="ATTR(BoardUser.BoardUserName)" class="PageHeading" align="left"/>
				</WTROW>
				<WTROW margin-bottom="12">
					<WTDIVIDER col="1" merge="2" height="1" color="SYS(headerdivider)"/>
				</WTROW>
				
				<WTROW>
					<WTSTATIC col="1" tag="BoardUserName"/>
					<WTTEXT col="2" value="ATTR(BoardUser.BoardUserName)"/>
				</WTROW>
				
				<WTROW margin-top="6">
					<WTSTATIC col="1" tag="Signature" valign="top"/>
					<WTMEMO col="2" value="ATTR(BoardUser.Signature)" rows="6" cols="70" htmleditor="editor_simple" />
				</WTROW>		

				<WTROW>
					<WTSTATIC col="1" />
					<WTCHECK col="2" value="ATTR(BoardUser.IsPublicName)" />
				</WTROW>
				<WTROW>
					<WTSTATIC col="1" />
					<WTCHECK col="2" value="ATTR(BoardUser.IsPublicEmail)" />
				</WTROW>
				
				<WTROW>
					<WTCONDITION expr="IsEmployee"/>
					<WTCONDITION expr="IsOrgAdminOnly" connector="or"/>
					<WTCONDITION expr="IsOrgManagerOnly" connector="or"/>
					<WTSTATIC col="1" tag="BoardUserGroup"/>
					<WTCOMBO col="2" value="ATTR(BoardUser.BoardUserGroup)"/>
				</WTROW>
				<WTROW>
					<WTCONDITION expr="NotEmployee"/>
					<WTCONDITION expr="NotOrgAdminOnly" connector="and"/>
					<WTCONDITION expr="NotOrgManagerOnly" connector="and"/>
					<WTHIDDEN value="ATTR(BoardUser.BoardUserGroup)"/>
				</WTROW>

				<WTROW margin-top="12" margin-bottom="12">
					<WTBUTTON col="1" merge="2" action="1" value="CONST(Update)" align="center">
						<WTCONDITION expr="IsActive"/>
					</WTBUTTON>
					<WTBUTTON col="1" merge="2" action="3" value="CONST(Cancel)" align="center"/>
					<WTBUTTON col="1" merge="2" action="4" value="CONST(Delete)" align="center" msg="ConfirmDelete">
	 					<WTCONDITION expr="IsSysAdmin"/>
						<WTCONDITION expr="IsActive" connector="and"/>
					</WTBUTTON>
				</WTROW>
			</WTCONTENT>
		</WTWEBPAGE>

<!-- view member detail page -->		
		<!--=================================================================================-->
		<WTWEBPAGE name="8304" navbar="false" aspstyle="GenerateWebASP.xsl" xslstyle="GenerateWebXSLItem.xsl">
		<!--=================================================================================-->
			<WTPARAM name="BoardUserID" datatype="number"/>

			<WTACTION id="0" name="New" type="New">
				<WTOBJECT name="BoardUser" project="ptsBoardUserUser" class="CBoardUser">
					<WTMETHOD name="Load">
						<WTPARAM name="BoardUserID" direction="input" value="PARAM(BoardUserID)"/>
						<WTPARAM name="SecurityToken" direction="input" value="SYS(userid)"/>
					</WTMETHOD>
					<WTMETHOD name="XML">
						<WTPARAM name="xmlBoardUser" direction="return" datatype="text"/>
					</WTMETHOD>
				</WTOBJECT>
			</WTACTION>

			<WTACTION id="3" name="Return" type="Return">
				<WTRETURN/>
			</WTACTION>


	 		<!--*****************************************************************************-->
			<WTCONTENT>
				<WTCOLUMN width="200" align="right"/>
				<WTCOLUMN width="550" align="left"/>

				<WTROW>
					<WTSTATIC col="1" merge="2" tag="BoardUser" value="ATTR(BoardUser.BoardUserName)" class="PageHeading" align="left"/>
				</WTROW>

				<WTROW margin-bottom="12">
					<WTDIVIDER col="1" merge="2" height="1" color="SYS(headerdivider)"/>
				</WTROW>

				<WTROW>
					<WTCONDITION expr="ATTR(BoardUser.IsPublicName)" oper="equal" value="CONST(1)"/>
					<WTSTATIC col="1" tag="Name"/>
					<WTSTATIC col="2" value="ATTR(BoardUser.AuthUserName)" />
				</WTROW>
				<WTROW>
					<WTCONDITION expr="ATTR(BoardUser.IsPublicName)" oper="equal" value="CONST(0)"/>
					<WTSTATIC col="1" tag="Name"/>
					<WTSTATIC col="2" label="Anonymous"/>
				</WTROW>
				<WTROW>
					<WTCONDITION expr="ATTR(BoardUser.IsPublicEmail)" oper="equal" value="CONST(1)"/>
					<WTSTATIC col="1" tag="Email"/>
					<WTSTATIC col="2" value="ATTR(BoardUser.Email)" >
						<WTLINK type="mail" name="ATTR(BoardUser.Email)"/>
					</WTSTATIC>
				</WTROW>
				<WTROW>
					<WTCONDITION expr="ATTR(BoardUser.IsPublicEmail)" oper="equal" value="CONST(0)"/>
					<WTSTATIC col="1" tag="Email"/>
					<WTSTATIC col="2" label="Private"/>
				</WTROW>			
				<WTROW margin-top="6">
					<WTSTATIC col="1" tag="Signature" valign="top"/>
					<WTSTATIC col="2" value="ATTR(BoardUser.Signature)" embedhtml="true"/>
				</WTROW>
			
				<WTROW margin-top="12" margin-bottom="12">
					<WTBUTTON col="1" merge="2" action="3" value="CONST(Return)" align="center"/>
				</WTROW>
			</WTCONTENT>
		</WTWEBPAGE>

<!-- Board User Terms and Conditions -->		
		<!--=================================================================================-->
		<WTWEBPAGE name="8305" navbar="false" aspstyle="GenerateWebASP.xsl" xslstyle="GenerateWebXSLItem.xsl">
		<!--=================================================================================-->

			<WTACTION id="0" name="New" type="New">
				<WTCODEGROUP>
					<WTCONDITION expr="IsAnonymous"/>
					<WTSETATTRIBUTE name="SYS(brdusergroup)" value="CONST(1)"/>
					<WTSETCACHE name="SYS(brdusergroup)" value="SYS(brdusergroup)"/>	
				</WTCODEGROUP>

				<WTOBJECT name="HTMLFile" project="wtHTMLFile" class="CHTMLFile">
					<WTCONDITION expr="IsAnonymous"/>
					<WTSETATTRIBUTE name="ATTR(Filename)" value="CONST(&quot;8305.htm&quot;)"/>
					<WTSETATTRIBUTE name="ATTR(Path)" value="CONST(reqSysWebDirectory + &quot;Sections\&quot;)"/>
					<WTSETATTRIBUTE name="ATTR(Language)" value="SYS(language)"/>
					<WTSETATTRIBUTE name="ATTR(Project)" value="CONST(SysProject)"/>
					<WTMETHOD name="Load"/>
					<WTMETHOD name="XML">
						<WTPARAM name="xmlHTMLFile" direction="return" datatype="text"/>
					</WTMETHOD>
				</WTOBJECT>
				
				<WTOBJECT name="BoardUser" project="ptsBoardUserUser" class="CBoardUser">
				    <WTCONDITION expr="NotAnonymous"/>
				    <WTCONDITION expr="NoErrors" connector="and"/>
					<WTMETHOD name="GetBoardUser">	
						<WTPARAM name="SecurityToken" direction="input" value="SYS(userid)"/>
						<WTPARAM name="tmpBoardUserID" direction="return" datatype="number"/>
					</WTMETHOD>	
					<WTMETHOD name="Load">
						<WTCONDITION expr="CONST(tmpBoardUserID)" oper="greater" value="CONST(0)"/>
						<WTPARAM name="BoardUserID" direction="input" value="CONST(tmpBoardUserID)"/>
						<WTPARAM name="SecurityToken" direction="input" value="SYS(userid)"/>
					</WTMETHOD>			
					<WTCODEGROUP>
						<WTCONDITION expr="CONST(tmpBoardUserID)" oper="equal" value="CONST(0)"/>
						<WTMETHOD name="Load">
							<WTPARAM name="BoardUserID" direction="input" value="CONST(0)"/>
							<WTPARAM name="SecurityToken" direction="input" value="SYS(userid)"/>
						</WTMETHOD>
						<WTSETATTRIBUTE name="ATTR(BoardUserGroup)" value="CONST(1)">
							<WTCONDITION expr="NotEmployee"/>
						</WTSETATTRIBUTE>
<!--
						<WTSETATTRIBUTE name="ATTR(BoardUserGroup)" value="CONST(2)">
							<WTCONDITION expr="IsOrgAdminOnly"/>
							<WTCONDITION expr="IsOrgManagerOnly" connector="or"/>
						</WTSETATTRIBUTE>
-->
						<WTSETATTRIBUTE name="ATTR(BoardUserGroup)" value="CONST(3)">
							<WTCONDITION expr="IsOrgAdminOnly"/>
							<WTCONDITION expr="IsOrgManagerOnly" connector="or"/>
						</WTSETATTRIBUTE>

						<WTSETATTRIBUTE name="ATTR(BoardUserGroup)" value="CONST(3)">
							<WTCONDITION expr="IsEmployee"/>
						</WTSETATTRIBUTE>
						<WTSETATTRIBUTE name="ATTR(AuthUserID)" value="SYS(userid)"/>
						<WTSETATTRIBUTE name="ATTR(BoardUserName)" value="SYS(username)"/>
						<WTSETATTRIBUTE name="ATTR(IsPublicName)" value="CONST(1)"/>
						<WTSETATTRIBUTE name="ATTR(IsPublicEmail)" value="CONST(1)"/>						
						<WTMETHOD name="Add">
							<WTPARAM name="tmpBoardUserID" direction="return" datatype="number"/>
							<WTPARAM name="SecurityToken" direction="input" value="SYS(userid)"/>
						</WTMETHOD>
					</WTCODEGROUP>	
					<WTSETATTRIBUTE name="SYS(brdusergroup)" value="ATTR(BoardUserGroup)"/>
					<WTSETATTRIBUTE name="SYS(brduserid)" value="CONST(tmpBoardUserID)"/>
					<WTSETCACHE name="SYS(brdusergroup)" value="SYS(brdusergroup)"/>	
					<WTSETCACHE name="SYS(brduserid)" value="SYS(brduserid)"/>		
				</WTOBJECT>
				
				<WTRETURN>
				    <WTCONDITION expr="NotAnonymous"/>
				</WTRETURN>

			</WTACTION>

			<WTACTION id="3" name="Continue" type="Continue">
				<WTRETURN/>
			</WTACTION>

	 		<!--*****************************************************************************-->
			<WTCONTENT>
				<WTCOLUMN width="750" align="center"/>
				
				<WTROW>
					<WTSTATIC col="1" value="ATTR(HTMLFile.Data)" embedhtml="true"/>
				</WTROW>
			
				<WTROW margin-top="12" margin-bottom="12">
					<WTBUTTON col="1" action="3" value="CONST(Continue)"/>
				</WTROW>
			</WTCONTENT>
		</WTWEBPAGE>
<!-- Moderator List Page -->
		<!--===============================================================================-->
		<WTWEBPAGE name="8311" caption="Moderators" aspstyle="GenerateWebASP.xsl" xslstyle="GenerateWebXSLList.xsl" 
		contentpage="true" secured="61">
		<!--===============================================================================-->
			<WTPARAM name="ForumID" datatype="number"/>
			<WTPARAM name="contentpage" datatype="number"/>

			<WTACTION name="New" type="New" id="0">
				<WTOBJECT name="BoardUsers" project="ptsBoardUserUser" class="CBoardUsers">
					<WTMETHOD name="ListModerators">
						<WTPARAM name="ForumID" direction="input" value="PARAM(ForumID)"/>
						<WTPARAM name="SecurityToken" direction="input" value="SYS(userid)"/>
					</WTMETHOD>
					<WTMETHOD name="XML">
						<WTPARAM name="xmlBoardUsers" direction="return" datatype="text"/>
					</WTMETHOD>
				</WTOBJECT>
			</WTACTION>

			<WTACTION id="3" name="Cancel" type="Cancel">
				<WTRETURN/>
			</WTACTION>

	 		<!--************************************************************************************-->
			<WTCONTENT>
				<WTCOLUMN width="600" align="left"/>

				<WTROW>
					<WTSTATIC col="1" label="ForumModerators" class="PageHeading"/>
				</WTROW>

				<WTROW margin-bottom="6">
					<WTDIVIDER col="1" height="1" color="SYS(headerdivider)"/>
				</WTROW>
				
				<WTROW margin-top="12">
					<WTRECORDSET col="1" graybar="true" entity="BoardUser">
						<WTCOLUMN width="100" align="left" valign="top" label="BoardUserName"/>
						<WTROW>
							<WTSTATIC col="2" value="DATA(BoardUser.BoardUserName)">
								<WTLINK name="8303" >
									<WTPARAM name="BoardUserID" value="DATA(BoardUser.BoardUserID)"/>
								</WTLINK>
							</WTSTATIC>
						</WTROW>
					</WTRECORDSET>
				</WTROW>

				<WTROW margin-top="24" margin-bottom="12">
					<WTBUTTON col="1" merge="3" action="3" value="CONST(Return)" align="center"/>
				</WTROW>
				
			</WTCONTENT>
		</WTWEBPAGE>		
	</WTWEBPAGES>
</WTROOT>