<WTROOT prefix="pts" system="Pinnacle">
	<WTENTITY id="60" name="CommType" alias="ct" translate="false">

		<!--Identity-->
		<WTATTRIBUTE id="6001" name="CommTypeID" type="number" identity="true" min="1" required="true" source="entity"/>
		<WTATTRIBUTE id="6002" name="CompanyID" type="number" required="true" source="entity"/>

		<!--Attributes-->
		<WTATTRIBUTE id="6003" name="CommTypeName" type="text" length="40" min="1" max="40" required="true" title="true" source="entity"/>
		<WTATTRIBUTE id="6004" name="CommTypeNo" type="number" source="entity"/>

		<WTINDEX name="CompanyID">
			<WTATTRIBUTE name="CompanyID"/>
			<WTATTRIBUTE name="CommTypeNo"/>
		</WTINDEX>

		<WTRELATIONSHIPS>
			<WTRELATIONSHIP name="CommType" entity="CommType" alias="ct"/>
		</WTRELATIONSHIPS>

	</WTENTITY>

	<WTPROCEDURES>
		<WTPROCEDURE type="Add" name="Add" style="GenerateDataProc.xsl"/>
		<WTPROCEDURE type="Delete" name="Delete" style="GenerateDataProc.xsl"/>
		<WTPROCEDURE type="Fetch" name="Fetch" style="GenerateDataProc.xsl"/>
		<WTPROCEDURE type="Update" name="Update" style="GenerateDataProc.xsl"/>
		<!--===================================================================================-->
		<WTPROCEDURE type="EnumXML" name="EnumCompany" enumname="EnumUserCompany" style="GenerateDataProc.xsl" nodata="true">
			<WTPARAM name="ATTR(CommType.CompanyID)" direction="input"/>
		</WTPROCEDURE>
		<!--===================================================================================-->
		<WTPROCEDURE type="Enum" name="EnumUserCompany" style="GenerateDataProc.xsl" column="CommTypeName" template="new" passthru="true">
			<WTPARAM name="ATTR(CommType.CompanyID)" direction="input"/>
			<WTPARAM name="SYS(security)" direction="input"/>
			<WTCODEGROUP>
				<WTSELECT>
					<WTATTRIBUTE alias="ID" value="ATTR(CommType.CommTypeID)"/>
					<WTATTRIBUTE alias="Name" value="ATTR(CommType.CommTypeName)"/>
					<WTJOIN name="CommType"/>
					<WTCONDITION expr="ATTR(CommType.CompanyID)" oper="equal" value="PARAM(CompanyID)"/>
					<WTORDER name="ATTR(CommType.CommTypeNo)"/>
				</WTSELECT>
			</WTCODEGROUP>
		</WTPROCEDURE>
		<!--===================================================================================-->
		<WTPROCEDURE type="List" name="List" style="GenerateDataProc.xsl" template="new" passthru="true">
			<WTPARAM name="ATTR(CompanyID)" direction="input" required="false"/>
			<WTCODEGROUP>
				<WTSELECT>
					<WTATTRIBUTE value="ATTR(CommType.CommTypeID)"/>
					<WTATTRIBUTE value="ATTR(CommType.CommTypeName)"/>
					<WTATTRIBUTE value="ATTR(CommType.CommTypeNo)"/>
					<WTJOIN name="CommType"/>
					<WTCONDITION expr="ATTR(CompanyID)" oper="equal" value="PARAM(CompanyID)"/>
					<WTORDER name="ATTR(CommType.CommTypeNo)"/>
				</WTSELECT>
			</WTCODEGROUP>
		</WTPROCEDURE>
		<!--==================================================================================================================-->
		<WTPROCEDURE name="FetchCommTypeNo" type="Fetch" style="GenerateDataProc.xsl" template="new">
			<WTPARAM name="ATTR(CompanyID)" direction="input"/>
			<WTPARAM name="ATTR(CommTypeNo)" direction="input"/>
			<WTPARAM name="ATTR(CommTypeID)" direction="output"/>
			<WTPARAM name="ATTR(CommTypeName)" direction="output"/>
			<WTCODEGROUP>
				<WTSELECT>
					<WTATTRIBUTE name="PARAM(CommTypeID)" value="ATTR(CommType.CommTypeID)"/>
					<WTATTRIBUTE name="PARAM(CommTypeName)" value="ATTR(CommType.CommTypeName)"/>
					<WTJOIN name="CommType" lock="false"/>
					<WTCONDITION expr="ATTR(CompanyID)" oper="equal" value="PARAM(CompanyID)"/>
					<WTCONDITION expr="ATTR(CommType.CommTypeNo)" oper="equal" value="PARAM(CommTypeNo)" connector="and"/>
				</WTSELECT>
			</WTCODEGROUP>
		</WTPROCEDURE>
	</WTPROCEDURES>

	<WTWEBPAGES>
		<!--============================================================================================-->
		<WTWEBPAGE name="6002" header="false" footer="false" navbar="false" wrapper="wrapper600"
				   aspstyle="GenerateWebASP.xsl" xslstyle="GenerateWebXSLAdd.xsl">
      <!--============================================================================================-->
			<WTPARAM name="CompanyID" datatype="number"/>

			<WTSETATTRIBUTE name="PARAM(CompanyID)" value="SYS(CompanyID)">
				<WTCONDITION expr="PARAM(CompanyID)" oper="equal" value="CONST(0)"/>
			</WTSETATTRIBUTE>

			<WTACTION id="0" name="New" type="New">
				<WTOBJECT name="CommType" project="ptsCommTypeUser" class="CCommType">
					<WTMETHOD name="Load">
						<WTPARAM name="CommTypeID" direction="input" value="CONST(0)"/>
						<WTPARAM name="SecurityToken" direction="input" value="SYS(userid)"/>
					</WTMETHOD>
					<WTMETHOD name="XML">
						<WTPARAM name="xmlCommType" direction="return" datatype="text"/>
						<WTPARAM name="Option" direction="input" value="CONST(2)"/>
					</WTMETHOD>
				</WTOBJECT>
			</WTACTION>

			<WTACTION id="2" name="Add" type="Add">
				<WTOBJECT name="CommType" project="ptsCommTypeUser" class="CCommType">
					<WTMETHOD name="Load">
						<WTPARAM name="CommTypeID" direction="input" value="CONST(0)"/>
						<WTPARAM name="SecurityToken" direction="input" value="SYS(userid)"/>
					</WTMETHOD>
					<WTSETATTRIBUTE name="ATTR(CompanyID)" value="PARAM(CompanyID)"/>
					<WTSETATTRIBUTES/>
					<WTMETHOD name="Add">
						<WTPARAM name="CommTypeID" direction="return" datatype="number"/>
						<WTPARAM name="SecurityToken" direction="input" value="SYS(userid)"/>
					</WTMETHOD>
					<WTMETHOD name="XML">
						<WTCONDITION expr="IsErrors"/>
						<WTPARAM name="xmlCommType" direction="return" datatype="text"/>
						<WTPARAM name="Option" direction="input" value="CONST(2)"/>
					</WTMETHOD>
				</WTOBJECT>
				<WTRETURN>
					<WTCONDITION expr="NoErrors"/>
				</WTRETURN>
			</WTACTION>

			<WTACTION id="3" name="Cancel" type="Cancel">
				<WTRETURN/>
			</WTACTION>

	 		<!--************************************************************************************-->
			<WTCONTENT>
				<WTCOLUMN width="160" align="right"/>
				<WTCOLUMN width="440" align="left"/>

				<WTROW>
					<WTSTATIC col="1" merge="2" label="NewCommType" class="PageHeading" align="left"/>
				</WTROW>
				<WTROW margin-bottom="12">
					<WTDIVIDER col="1" merge="2" align="left" height="1" color="SYS(headerdivider)"/>
				</WTROW>

				<WTROW>
					<WTSTATIC col="1" tag="CommTypeName"/>
					<WTTEXT col="2" value="ATTR(CommType.CommTypeName)"/>
				</WTROW>
				<WTROW>
					<WTSTATIC col="1" tag="CommTypeNo"/>
					<WTTEXT col="2" value="ATTR(CommType.CommTypeNo)" size="2"/>
				</WTROW>

				<WTROW margin-top="12" margin-bottom="12">
					<WTSTATIC col="1"/>
					<WTBUTTON col="2" action="2" value="CONST(Add)">
						<WTCONDITION expr="IsActive"/>
					</WTBUTTON>
					<WTBUTTON col="2" action="3" value="CONST(Cancel)"/>
				</WTROW>
				
			</WTCONTENT>
		</WTWEBPAGE>

		<!--============================================================================================-->
		<WTWEBPAGE name="6003" header="false" footer="false" navbar="false" wrapper="wrapper600"
				   aspstyle="GenerateWebASP.xsl" xslstyle="GenerateWebXSLItem.xsl" >
		<!--============================================================================================-->
			<WTPARAM name="CommTypeID" datatype="number"/>

			<WTACTION id="0" name="New" type="New">
				<WTOBJECT name="CommType" project="ptsCommTypeUser" class="CCommType">
					<WTMETHOD name="Load">
						<WTPARAM name="CommTypeID" direction="input" value="PARAM(CommTypeID)"/>
						<WTPARAM name="SecurityToken" direction="input" value="SYS(userid)"/>
					</WTMETHOD>
					<WTMETHOD name="XML">
						<WTPARAM name="xmlCommType" direction="return" datatype="text"/>
						<WTPARAM name="Option" direction="input" value="CONST(2)"/>
					</WTMETHOD>
				</WTOBJECT>
			</WTACTION>

			<WTACTION id="1" name="Update" type="Update">
				<WTOBJECT name="CommType" project="ptsCommTypeUser" class="CCommType">
					<WTMETHOD name="Load">
						<WTPARAM name="CommTypeID" direction="input" value="PARAM(CommTypeID)"/>
						<WTPARAM name="SecurityToken" direction="input" value="SYS(userid)"/>
					</WTMETHOD>
					<WTSETATTRIBUTES/>
					<WTMETHOD name="Save">
						<WTPARAM name="SecurityToken" direction="input" value="SYS(userid)"/>
					</WTMETHOD>
					<WTMETHOD name="XML">
						<WTCONDITION expr="IsErrors"/>
						<WTPARAM name="xmlCommType" direction="return" datatype="text"/>
						<WTPARAM name="Option" direction="input" value="CONST(2)"/>
					</WTMETHOD>
				</WTOBJECT>
				<WTRETURN>
					<WTCONDITION expr="NoErrors"/>
				</WTRETURN>
			</WTACTION>

			<WTACTION id="3" name="Cancel" type="Cancel">
				<WTRETURN/>
			</WTACTION>

			<WTACTION id="4" name="Delete" type="Delete">
				<WTOBJECT name="CommType" project="ptsCommTypeUser" class="CCommType">
					<WTMETHOD name="Delete">
						<WTPARAM name="CommTypeID" direction="input" value="PARAM(CommTypeID)"/>
						<WTPARAM name="SecurityToken" direction="input" value="SYS(userid)"/>
					</WTMETHOD>
				</WTOBJECT>
				<WTOBJECT name="CommType" project="ptsCommTypeUser" class="CCommType">
					<WTCONDITION expr="IsErrors"/>
					<WTMETHOD name="Load">
						<WTPARAM name="CommTypeID" direction="input" value="PARAM(CommTypeID)"/>
						<WTPARAM name="SecurityToken" direction="input" value="SYS(userid)"/>
					</WTMETHOD>
					<WTMETHOD name="XML">
						<WTPARAM name="xmlCommType" direction="return" datatype="text"/>
						<WTPARAM name="Option" direction="input" value="CONST(2)"/>
					</WTMETHOD>
				</WTOBJECT>
				<WTRETURN>
					<WTCONDITION expr="NoErrors"/>
				</WTRETURN>
			</WTACTION>

	 		<!--************************************************************************************-->
			<WTCONTENT>
				<WTCOLUMN width="160" align="right"/>
				<WTCOLUMN width="440" align="left"/>

				<WTROW>
					<WTSTATIC col="1" merge="2" tag="CommType" value="ATTR(CommType.CommTypeName)" class="PageHeading" align="left"/>
				</WTROW>
				<WTROW margin-bottom="12">
					<WTDIVIDER col="1" merge="2" align="left" height="1" color="SYS(headerdivider)"/>
				</WTROW>

				<WTROW>
					<WTSTATIC col="1" tag="CommTypeName"/>
					<WTTEXT col="2" value="ATTR(CommType.CommTypeName)"/>
				</WTROW>
				<WTROW>
					<WTSTATIC col="1" tag="CommTypeNo"/>
					<WTTEXT col="2" value="ATTR(CommType.CommTypeNo)" size="2"/>
				</WTROW>

				<WTROW margin-top="12" margin-bottom="12">
					<WTSTATIC col="1"/>
					<WTBUTTON col="2" action="1" value="CONST(Update)">
						<WTCONDITION expr="IsActive"/>
					</WTBUTTON>
					<WTBUTTON col="2" action="3" value="CONST(Cancel)"/>
					<WTBUTTON col="2" action="4" value="CONST(Delete)" msg="ConfirmDelete">
						<WTCONDITION expr="IsActive"/>
					</WTBUTTON>
				</WTROW>

			</WTCONTENT>
		</WTWEBPAGE>

		<!--============================================================================================-->
		<WTWEBPAGE name="6011" caption="List" header="false" footer="false" navbar="false" wrapper="wrapper600" 
				   aspstyle="GenerateWebASP.xsl" xslstyle="GenerateWebXSLList.xsl" >
		<!--============================================================================================-->
			<WTPARAM name="CompanyID" datatype="number"/>

			<WTSETATTRIBUTE name="PARAM(CompanyID)" value="SYS(CompanyID)">
				<WTCONDITION expr="PARAM(CompanyID)" oper="equal" value="CONST(0)"/>
			</WTSETATTRIBUTE>

			<WTACTION name="New" type="New" id="0">
				<WTOBJECT name="CommTypes" project="ptsCommTypeUser" class="CCommTypes">
					<WTMETHOD name="List">
						<WTPARAM name="CompanyID" direction="input" value="PARAM(CompanyID)"/>
					</WTMETHOD>
					<WTMETHOD name="XML">
						<WTPARAM name="xmlCommTypes" direction="return" concat="true" datatype="text"/>
						<WTPARAM name="Option" direction="input" value="CONST(13)"/>
					</WTMETHOD>
				</WTOBJECT>
			</WTACTION>

			<WTACTION id="3" name="Return" type="Cancel">
				<WTRETURN/>
			</WTACTION>

	 		<!--************************************************************************************-->
			<WTCONTENT>
				<WTCOLUMN width="300" align="left"/>
				<WTCOLUMN width="300" align="right"/>

				<WTROW>
					<WTSTATIC col="1" label="CommTypes" class="PageHeading" align="left"/>
					<WTSTATIC col="2" align="right">
						<WTCODEGROUP>
							<WTIMAGE value="CONST(addnew.gif)" imgalign="absmiddle"/>
						</WTCODEGROUP>
						<WTSTATIC space="1"/>
						<WTSTATIC label="NewCommType" space="1">
							<WTLINK name="6002">
								<WTPARAM name="CompanyID" value="PARAM(CompanyID)"/>
							</WTLINK>
						</WTSTATIC>
					</WTSTATIC>
				</WTROW>
				<WTROW margin-bottom="6">
					<WTDIVIDER col="1" merge="2" height="1" color="SYS(headerdivider)"/>
				</WTROW>
				<WTROW margin-bottom="12">
					<WTRECORDSET col="1" merge="2" graybar="true" entity="CommType">
						<WTCOLUMN width="10" align="center" valign="top" label="CommTypeNo"/>
						<WTCOLUMN width="90" align="left" valign="top" label="CommTypeName"/>
						<WTROW>
							<WTSTATIC col="1" value="DATA(CommType.CommTypeNo)"/>
							<WTSTATIC col="2">
								<WTSTATIC value="DATA(CommType.CommTypeName)"/>
								<WTCODEGROUP>
									<WTSTATIC space="1"/>
									<WTIMAGE value="CONST(Edit.gif)" imgalign="absmiddle">
										<WTLINK name="6003"><WTPARAM name="CommTypeID" value="DATA(CommType.CommTypeID)"/></WTLINK>
									</WTIMAGE>
								</WTCODEGROUP>
							</WTSTATIC>
						</WTROW>
					</WTRECORDSET>
				</WTROW>
<!--
				<WTROW margin-top="12" margin-bottom="12">
					<WTBUTTON col="2" action="3" value="CONST(Return)"/>
				</WTROW>
-->
			</WTCONTENT>
		</WTWEBPAGE>
	</WTWEBPAGES>
</WTROOT>