<WTROOT prefix="pts" dbo="dbo" system="Pinnacle">
	<WTENTITY id="124" name="Folder" alias="fo">

		<!--Identity-->
		<WTATTRIBUTE id="12401" name="FolderID" type="number" identity="true" min="1" source="entity"/>

		<!--Foreign Keys-->
		<WTATTRIBUTE id="12402" name="ParentID" type="number" source="entity" parent="true"/>
		<WTATTRIBUTE id="12403" name="CompanyID" type="number" source="entity"/>
		<WTATTRIBUTE id="12404" name="MemberID" type="number" source="entity"/>
		<WTATTRIBUTE id="12405" name="DripCampaignID" type="number" source="entity"/>

		<!--Foreign Table Fields-->
		
		<!--Attributes-->
		<WTATTRIBUTE id="12410" name="FolderName" type="text" length="60" min="1" max="60" source="entity" title="true" required="true"/>
		<WTATTRIBUTE id="12411" name="Entity" type="number" source="entity"/>
		<WTATTRIBUTE id="12412" name="Seq" type="number" source="entity"/>
		<WTATTRIBUTE id="12413" name="IsShare" type="yesno" source="entity"/>
		<WTATTRIBUTE id="12414" name="Virtual" type="number" source="entity"/>
		<WTATTRIBUTE id="12415" name="Data" type="text" length="20" min="1" max="20" source="entity"/>

		<!-- Non Persist Fields -->
		<WTATTRIBUTE id="12491" name="GroupID" type="number" source="entity" persist="false" />

		<!--Indexes-->
		<WTINDEX name="ParentID">
			<WTATTRIBUTE name="ParentID"/>
		</WTINDEX>
		<WTINDEX name="CompanyID">
			<WTATTRIBUTE name="CompanyID"/>
			<WTATTRIBUTE name="Entity"/>
			<WTATTRIBUTE name="MemberID"/>
		</WTINDEX>
		<WTINDEX name="DripCampaignID">
			<WTATTRIBUTE name="DripCampaignID"/>
			<WTATTRIBUTE name="Virtual"/>
		</WTINDEX>

		<!--Relationships-->
		<WTRELATIONSHIPS>
			<WTRELATIONSHIP name="Folder" entity="Folder" alias="fo"/>
		</WTRELATIONSHIPS>

	</WTENTITY>

	<WTPROCEDURES>
		<WTPROCEDURE type="Add" name="Add" style="GenerateDataProc.xsl"/>
		<WTPROCEDURE type="Delete" name="Delete" style="GenerateDataProc.xsl"/>
		<WTPROCEDURE type="Fetch" name="Fetch" style="GenerateDataProc.xsl"/>
		<WTPROCEDURE type="Update" name="Update" style="GenerateDataProc.xsl"/>
		<!--================================================================================================-->
		<WTPROCEDURE type="EnumXML" name="EnumFolder" enumname="EnumFolderList" style="GenerateDataProc.xsl" nodata="true">
			<WTPARAM name="ATTR(CompanyID)" direction="input" required="false"/>
			<WTPARAM name="ATTR(GroupID)" direction="input" required="false"/>
			<WTPARAM name="ATTR(MemberID)" direction="input" required="false"/>
			<WTPARAM name="ATTR(Entity)" direction="input" required="false"/>
		</WTPROCEDURE>
		<!--================================================================================================-->
		<WTPROCEDURE type="Enum" name="EnumFolderList" style="GenerateDataProc.xsl" column="FolderName" template="new" passthru="true" nodata="true">
			<WTPARAM name="ATTR(CompanyID)" direction="input" required="false"/>
			<WTPARAM name="ATTR(GroupID)" direction="input" required="false"/>
			<WTPARAM name="ATTR(MemberID)" direction="input" required="false"/>
			<WTPARAM name="ATTR(Entity)" direction="input" required="false"/>
			<WTPARAM name="SYS(security)" direction="input"/>
			<WTCODEGROUP>
				<WTSELECT>
					<WTATTRIBUTE alias="ID" value="ATTR(Folder.FolderID)" />
					<WTATTRIBUTE alias="Name" value="ATTR(Folder.FolderName)" />
				</WTSELECT>
			</WTCODEGROUP>
		</WTPROCEDURE>
		<!--================================================================================================-->
		<WTPROCEDURE type="EnumXML" name="EnumFolderAll" enumname="EnumFolderAllList" style="GenerateDataProc.xsl" nodata="true">
			<WTPARAM name="ATTR(CompanyID)" direction="input" required="false"/>
			<WTPARAM name="ATTR(GroupID)" direction="input" required="false"/>
			<WTPARAM name="ATTR(MemberID)" direction="input" required="false"/>
			<WTPARAM name="ATTR(Entity)" direction="input" required="false"/>
		</WTPROCEDURE>
		<!--================================================================================================-->
		<WTPROCEDURE type="Enum" name="EnumFolderAllList" style="GenerateDataProc.xsl" column="FolderName" template="new" passthru="true" nodata="true">
			<WTPARAM name="ATTR(CompanyID)" direction="input" required="false"/>
			<WTPARAM name="ATTR(GroupID)" direction="input" required="false"/>
			<WTPARAM name="ATTR(MemberID)" direction="input" required="false"/>
			<WTPARAM name="ATTR(Entity)" direction="input" required="false"/>
			<WTPARAM name="SYS(security)" direction="input"/>
			<WTCODEGROUP>
				<WTSELECT>
					<WTATTRIBUTE alias="ID" value="ATTR(Folder.FolderID)" />
					<WTATTRIBUTE alias="Name" value="ATTR(Folder.FolderName)" />
				</WTSELECT>
			</WTCODEGROUP>
		</WTPROCEDURE>
		<!--==================================================================-->
		<WTPROCEDURE type="List" name="ListFolder" style="GenerateDataProc.xsl" template="new" passthru="true" noedit="true" nodata="true">
			<!--==================================================================-->
			<WTPARAM name="ATTR(CompanyID)" direction="input" required="false"/>
			<WTPARAM name="ATTR(GroupID)" direction="input" required="false"/>
			<WTPARAM name="ATTR(MemberID)" direction="input" required="false"/>
			<WTPARAM name="ATTR(Entity)" direction="input" required="false"/>
			<WTCODEGROUP>
				<WTSELECT>
					<WTATTRIBUTE value="ATTR(Folder.FolderID)"/>
					<WTATTRIBUTE value="ATTR(Folder.ParentID)"/>
					<WTATTRIBUTE value="ATTR(Folder.CompanyID)"/>
					<WTATTRIBUTE value="ATTR(Folder.MemberID)"/>
					<WTATTRIBUTE value="ATTR(Folder.DripCampaignID)"/>
					<WTATTRIBUTE value="ATTR(Folder.FolderName)"/>
					<WTATTRIBUTE value="ATTR(Folder.Seq)"/>
					<WTATTRIBUTE value="ATTR(Folder.IsShare)"/>
					<WTATTRIBUTE value="ATTR(Folder.Virtual)"/>
					<WTATTRIBUTE value="ATTR(Folder.Data)"/>
					<WTJOIN name="Folder"/>
					<WTCONDITION expr="ATTR(CompanyID)" oper="equal" value="PARAM(CompanyID)" />
					<WTCONDITION expr="ATTR(Entity)" oper="equal" value="PARAM(Entity)" connector="and" />
					<WTCONDITION expr="ATTR(MemberID)" oper="equal" value="CONST(0)" connector="and" paren="start"/>
					<WTCONDITION expr="ATTR(MemberID)" oper="equal" value="PARAM(MemberID)" connector="or"/>
					<WTCONDITION expr="ATTR(MemberID)" oper="equal" value="PARAM(GroupID)" connector="or" paren="start"/>
					<WTCONDITION expr="ATTR(IsShare)" oper="not-equal" value="CONST(0)" connector="and" paren="end2"/>
					<WTORDER name="ATTR(Folder.Seq)"/>
				</WTSELECT>
			</WTCODEGROUP>
		</WTPROCEDURE>
		<!--==================================================================-->
		<WTPROCEDURE type="List" name="ListVirtualFolder" style="GenerateDataProc.xsl" template="new" passthru="true" noedit="true">
			<!--==================================================================-->
			<WTPARAM name="SYS(security)" direction="input"/>
			<WTCODEGROUP>
				<WTSELECT>
					<WTATTRIBUTE value="ATTR(Folder.FolderID)"/>
					<WTATTRIBUTE value="ATTR(Folder.CompanyID)"/>
					<WTATTRIBUTE value="ATTR(Folder.MemberID)"/>
					<WTATTRIBUTE value="ATTR(Folder.DripCampaignID)"/>
					<WTATTRIBUTE value="ATTR(Folder.Virtual)"/>
					<WTATTRIBUTE value="ATTR(Folder.Data)"/>
					<WTJOIN name="Folder"/>
					<WTCONDITION expr="ATTR(DripCampaignID)" oper="not-equal" value="CONST(0)"/>
					<WTCONDITION expr="ATTR(Virtual)" oper="not-equal" value="CONST(0)" connector="and"/>
				</WTSELECT>
			</WTCODEGROUP>
		</WTPROCEDURE>
		<!--==================================================================================================-->
		<WTPROCEDURE name="FullName" type="Check" style="GenerateDataProc.xsl" template="new" passthru="true" noedit="true" nodata="true">
			<WTPARAM name="ATTR(FolderID)" direction="input" required="false" passthru="true"/>
			<WTPARAM name="Result" direction="output" datatype="text" length="1000"/>
		</WTPROCEDURE>
	</WTPROCEDURES>

	<WTWEBPAGES>
		<!--===============================================================================-->
		<WTWEBPAGE name="12402" header="false" footer="false" navbar="false" wrapper="wrapper600"
				   aspstyle="GenerateWebASP.xsl" xslstyle="GenerateWebXSLItem.xsl" secured="52">
		<!--===============================================================================-->
			<WTPARAM name="C" datatype="number"/>
			<WTPARAM name="M" datatype="number"/>
			<WTPARAM name="P" datatype="number"/>
			<WTPARAM name="E" datatype="number"/>
			<WTPARAM name="GroupID" datatype="number"/>
			<WTPARAM name="Target" datatype="number"/>

			<WTINCLUDE name="Resources.asp"/>

			<WTSUB name="LoadList">
				<!-- Get The Group, Shared or Company Resources -->
				<WTSETATTRIBUTE name="CONST(tmpResource)" value="SYSCON(RESOURCE-DRIP)"/>
				<WTSETATTRIBUTE name="CONST(tmpGroupID1)" value="CONST(0)"/>
				<WTSETATTRIBUTE name="CONST(tmpGroupID2)" value="CONST(0)"/>
				<WTSETATTRIBUTE name="CONST(tmpGroupID3)" value="CONST(0)"/>
				<WTSETATTRIBUTE name="PARAM(Target)" value="CONST(1)">
					<WTCONDITION expr="PARAM(E)" oper="equal" value="CONST(22)" />
				</WTSETATTRIBUTE>
				<WTSETATTRIBUTE name="PARAM(Target)" value="CONST(2)">
					<WTCONDITION expr="PARAM(E)" oper="equal" value="CONST(81)" />
				</WTSETATTRIBUTE>
				<WTSETATTRIBUTE name="PARAM(Target)" value="CONST(3)">
					<WTCONDITION expr="PARAM(E)" oper="equal" value="CONST(-81)" />
				</WTSETATTRIBUTE>
				<WTSETATTRIBUTE name="PARAM(Target)" value="CONST(4)">
					<WTCONDITION expr="PARAM(E)" oper="equal" value="CONST(4)" />
				</WTSETATTRIBUTE>
				<WTCODEGROUP>
					<WTCONDITION expr="NotMemberOnly" />
					<WTSETATTRIBUTE name="PARAM(GroupID)" value="PARAM(M)"/>
					<WTCALLSUB name="GetResources reqGroupID"/>
				</WTCODEGROUP>
				<WTCALLSUB name="GetResource tmpResource, tmpGroupID1, tmpGroupID2, tmpGroupID3">
					<WTCONDITION expr="PARAM(GroupID)" oper="not-equal" value="CONST(0)" />
				</WTCALLSUB>
				<WTOBJECT name="DripCampaigns" project="ptsDripCampaignUser" class="CDripCampaigns">
					<WTMETHOD name="EnumDrip">
						<WTPARAM name="xmlDripCampaigns" direction="return" datatype="text"/>
						<WTPARAM name="CompanyID" direction="input" value="PARAM(C)"/>
						<WTPARAM name="GroupID" direction="input" value="PARAM(GroupID)"/>
						<WTPARAM name="GroupID1" direction="input" value="CONST(tmpGroupID1)" />
						<WTPARAM name="GroupID2" direction="input" value="CONST(tmpGroupID2)" />
						<WTPARAM name="GroupID3" direction="input" value="CONST(tmpGroupID3)" />
						<WTPARAM name="Target" direction="input" value="PARAM(Target)"/>
					</WTMETHOD>
				</WTOBJECT>
			</WTSUB>
			
			<WTACTION name="New" type="New" id="0">
				<WTGETCACHE name="PARAM(GroupID)" value="GROUPID" datatype="number"/>
				<WTOBJECT name="Folder" project="ptsFolderUser" class="CFolder">
					<WTMETHOD name="Load">
						<WTPARAM name="FolderID" direction="input" value="CONST(0)"/>
						<WTPARAM name="SecurityToken" direction="input" value="SYS(userid)"/>
					</WTMETHOD>
					<WTSETATTRIBUTE name="ATTR(MemberID)" value="PARAM(M)"/>
					<WTMETHOD name="XML">
						<WTPARAM name="xmlFolder" direction="return" datatype="text"/>
					</WTMETHOD>
				</WTOBJECT>
				<WTCALLSUB name="LoadList"/>
			</WTACTION>

			<WTACTION name="Add" type="Add" id="1">
				<WTOBJECT name="Folder" project="ptsFolderUser" class="CFolder">
					<WTMETHOD name="Load">
						<WTPARAM name="FolderID" direction="input" value="CONST(0)"/>
						<WTPARAM name="SecurityToken" direction="input" value="SYS(userid)"/>
					</WTMETHOD>
					<WTSETATTRIBUTE name="ATTR(CompanyID)" value="PARAM(C)"/>
					<WTSETATTRIBUTE name="ATTR(MemberID)" value="PARAM(M)"/>
					<WTSETATTRIBUTE name="ATTR(ParentID)" value="PARAM(P)"/>
					<WTSETATTRIBUTE name="ATTR(Entity)" value="PARAM(E)"/>
					<WTSETATTRIBUTES/>
					<WTMETHOD name="Add">
						<WTPARAM name="FolderID" direction="return" datatype="number"/>
						<WTPARAM name="SecurityToken" direction="input" value="SYS(userid)"/>
					</WTMETHOD>
					<WTMETHOD name="XML">
						<WTCONDITION expr="IsErrors"/>
						<WTPARAM name="xmlFolders" direction="return" datatype="text"/>
					</WTMETHOD>
				</WTOBJECT>
				<WTCALLSUB name="LoadList">
					<WTCONDITION expr="IsErrors"/>
				</WTCALLSUB>

				<WTRETURN>
					<WTCONDITION expr="NoErrors"/>
				</WTRETURN>
			</WTACTION>

			<WTACTION id="3" name="Cancel" type="Cancel">
				<WTRETURN/>
			</WTACTION>

	 		<!--************************************************************************************-->
			<WTCONTENT>
				<WTCOLUMN width="160" align="right"/>
				<WTCOLUMN width="440" align="left"/>

				<WTROW>
					<WTHIDDEN value="PARAM(GroupID)"/>
					<WTHIDDEN value="PARAM(Target)"/>
				</WTROW>
				
				<WTROW>
					<WTSTATIC col="1" merge="2" label="NewFolder" class="PageHeading" align="left"/>
				</WTROW>
				
				<WTROW margin-bottom="12">
					<WTDIVIDER col="1" merge="2" height="1" color="SYS(headerdivider)"/>
				</WTROW>
				<WTROW margin-bottom="6">
					<WTSTATIC col="1" tag="FolderName"/>
					<WTTEXT col="2" value="ATTR(Folder.FolderName)"/>
				</WTROW>
				<WTROW margin-bottom="6">
					<WTSTATIC col="1" tag="Seq"/>
					<WTTEXT col="2" value="ATTR(Folder.Seq)" size="2"/>
					<WTCHECK col="2" value="ATTR(Folder.IsShare)">
						<WTCONDITION expr="NotMemberOnly"/>
						<WTCONDITION expr="PARAM(GroupID)" oper="equal" value="ATTR(Folder.MemberID)" connector="or"/>
					</WTCHECK>
				</WTROW>
				<WTROW margin-bottom="6">
					<WTCONDITION expr="CONST(count(/DATA/TXN/PTSDRIPCAMPAIGNS/ENUM))" oper="greater" value="CONST(1)"/>
					<WTSTATIC col="1" tag="DripCampaignID"/>
					<WTCOMBO col="2" value="ATTR(Folder.DripCampaignID)" datapath="/DATA/TXN/PTSDRIPCAMPAIGNS/ENUM"/>
				</WTROW>
<!--
				<WTROW>
					<WTSTATIC col="1" tag="Entity"/>
					<WTCOMBO col="2" value="ATTR(Folder.Entity)">
						<WTOPTION id="22" label="Contact"/>
						<WTOPTION id="81" label="Prospect"/>
						<WTOPTION id="-81" label="Customer"/>
					</WTCOMBO>
				</WTROW>
-->
<!--				
				<WTROW>
					<WTSTATIC col="1" tag="Virtual"/>
					<WTCOMBO col="2" value="ATTR(Folder.Virtual)">
						<WTOPTION id="0" label="None"/>
						<WTOPTION id="1" label="ContactNew"/>
						<WTOPTION id="2" label="ContactStatus1"/>
						<WTOPTION id="3" label="ContactStatus2"/>
						<WTOPTION id="4" label="ContactStatus3"/>
					</WTCOMBO>
				</WTROW>
				<WTROW>
					<WTSTATIC col="1" tag="Data"/>
					<WTTEXT col="2" value="ATTR(Folder.Data)"/>
				</WTROW>
-->
				<WTROW margin-top="12" margin-bottom="12">
					<WTBUTTON col="1" merge="2" action="1" value="CONST(Add)" align="center"/>
					<WTBUTTON col="1" merge="2" action="3" value="CONST(Return)" align="center"/>
				</WTROW>
				
			</WTCONTENT>
		</WTWEBPAGE>

		<!--===============================================================================-->
		<WTWEBPAGE name="12403" header="false" footer="false" navbar="false" wrapper="wrapper600"
				   aspstyle="GenerateWebASP.xsl" xslstyle="GenerateWebXSLItem.xsl" secured="52">
		<!--===============================================================================-->
			<WTPARAM name="F" datatype="number"/>
			<WTPARAM name="GroupID" datatype="number"/>
			<WTPARAM name="CompanyID" datatype="number"/>
			<WTPARAM name="MemberID" datatype="number"/>
			<WTPARAM name="Target" datatype="number"/>

			<WTINCLUDE name="Resources.asp"/>

			<WTSUB name="LoadList">
				<!-- Get The Group, Shared or Company Resources -->
				<WTSETATTRIBUTE name="CONST(tmpResource)" value="SYSCON(RESOURCE-DRIP)"/>
				<WTSETATTRIBUTE name="CONST(tmpGroupID1)" value="CONST(0)"/>
				<WTSETATTRIBUTE name="CONST(tmpGroupID2)" value="CONST(0)"/>
				<WTSETATTRIBUTE name="CONST(tmpGroupID3)" value="CONST(0)"/>
				<WTCODEGROUP>
					<WTCONDITION expr="NotMemberOnly" />
					<WTSETATTRIBUTE name="PARAM(GroupID)" value="PARAM(MemberID)"/>
					<WTCALLSUB name="GetResources reqGroupID"/>
				</WTCODEGROUP>
				<WTCALLSUB name="GetResource tmpResource, tmpGroupID1, tmpGroupID2, tmpGroupID3">
					<WTCONDITION expr="PARAM(GroupID)" oper="not-equal" value="CONST(0)" />
				</WTCALLSUB>
				<WTOBJECT name="DripCampaigns" project="ptsDripCampaignUser" class="CDripCampaigns">
					<WTMETHOD name="EnumDrip">
						<WTPARAM name="xmlDripCampaigns" direction="return" datatype="text"/>
						<WTPARAM name="CompanyID" direction="input" value="PARAM(CompanyID)"/>
						<WTPARAM name="GroupID" direction="input" value="PARAM(GroupID)"/>
						<WTPARAM name="GroupID1" direction="input" value="CONST(tmpGroupID1)" />
						<WTPARAM name="GroupID2" direction="input" value="CONST(tmpGroupID2)" />
						<WTPARAM name="GroupID3" direction="input" value="CONST(tmpGroupID3)" />
						<WTPARAM name="Target" direction="input" value="PARAM(Target)"/>
					</WTMETHOD>
				</WTOBJECT>
			</WTSUB>

			<WTACTION name="New" type="New" id="0">
				<WTGETCACHE name="PARAM(GroupID)" value="GROUPID" datatype="number"/>
				<WTOBJECT name="Folder" project="ptsFolderUser" class="CFolder">
					<WTMETHOD name="Load">
						<WTPARAM name="FolderID" direction="input" value="PARAM(F)"/>
						<WTPARAM name="SecurityToken" direction="input" value="SYS(userid)"/>
					</WTMETHOD>
					<WTSETATTRIBUTE name="PARAM(CompanyID)" value="ATTR(CompanyID)"/>
					<WTSETATTRIBUTE name="PARAM(MemberID)" value="ATTR(MemberID)"/>
					<WTSETATTRIBUTE name="PARAM(Target)" value="CONST(1)">
						<WTCONDITION expr="ATTR(Entity)" oper="equal" value="CONST(22)" />
					</WTSETATTRIBUTE>
					<WTSETATTRIBUTE name="PARAM(Target)" value="CONST(2)">
						<WTCONDITION expr="ATTR(Entity)" oper="equal" value="CONST(81)" />
					</WTSETATTRIBUTE>
					<WTSETATTRIBUTE name="PARAM(Target)" value="CONST(3)">
						<WTCONDITION expr="ATTR(Entity)" oper="equal" value="CONST(-81)" />
					</WTSETATTRIBUTE>
					<WTSETATTRIBUTE name="PARAM(Target)" value="CONST(4)">
						<WTCONDITION expr="ATTR(Entity)" oper="equal" value="CONST(4)" />
					</WTSETATTRIBUTE>
					<WTMETHOD name="XML">
						<WTPARAM name="xmlFolder" direction="return" datatype="text"/>
					</WTMETHOD>
				</WTOBJECT>
				<WTCALLSUB name="LoadList"/>
			</WTACTION>
			
			<WTACTION name="Update" type="Update" id="1">
				<WTOBJECT name="Folder" project="ptsFolderUser" class="CFolder">
					<WTMETHOD name="Load">
						<WTPARAM name="FolderID" direction="input" value="PARAM(F)"/>
						<WTPARAM name="SecurityToken" direction="input" value="SYS(userid)"/>
					</WTMETHOD>
					<WTSETATTRIBUTES/>
					<WTMETHOD name="Save">
						<WTPARAM name="SecurityToken" direction="input" value="SYS(userid)"/>
					</WTMETHOD>
					<WTMETHOD name="XML">
						<WTCONDITION expr="IsErrors"/>
						<WTPARAM name="xmlFolders" direction="return" datatype="text"/>
					</WTMETHOD>
				</WTOBJECT>
				<WTCALLSUB name="LoadList">
					<WTCONDITION expr="IsErrors"/>
				</WTCALLSUB>
				<WTRETURN>
					<WTCONDITION expr="NoErrors"/>
				</WTRETURN>
			</WTACTION>
			
			<WTACTION name="Delete" type="Delete" id="2">
				<WTOBJECT name="Folder" project="ptsFolderUser" class="CFolder">
					<WTMETHOD name="Delete">
						<WTPARAM name="FolderID" direction="input" value="PARAM(F)"/>
						<WTPARAM name="SecurityToken" direction="input" value="SYS(userid)"/>
					</WTMETHOD>
				</WTOBJECT>
				<WTOBJECT name="Folder" project="ptsFolderUser" class="CFolder">
					<WTCONDITION expr="IsErrors"/>
					<WTMETHOD name="Load">
						<WTPARAM name="FolderID" direction="input" value="PARAM(F)"/>
						<WTPARAM name="SecurityToken" direction="input" value="SYS(userid)"/>
					</WTMETHOD>
					<WTMETHOD name="XML">
						<WTPARAM name="xmlFolders" direction="return" datatype="text"/>
					</WTMETHOD>
				</WTOBJECT>
				<WTCALLSUB name="LoadList">
					<WTCONDITION expr="IsErrors"/>
				</WTCALLSUB>
				<WTRETURN>
					<WTCONDITION expr="NoErrors"/>
				</WTRETURN>
			</WTACTION>

			<WTACTION id="3" name="Cancel" type="Cancel">
				<WTRETURN/>
			</WTACTION>

	 		<!--************************************************************************************-->
			<WTCONTENT>
				<WTCOLUMN width="160" align="right"/>
				<WTCOLUMN width="440" align="left"/>

				<WTROW>
					<WTHIDDEN value="PARAM(GroupID)"/>
					<WTHIDDEN value="PARAM(Target)"/>
				</WTROW>

				<WTROW>
					<WTSTATIC col="1" merge="2" tag="Folder" value="ATTR(Folder.FolderName)" class="PageHeading" align="left"/>
				</WTROW>

				<WTCODEGROUP>
					<WTCONDITION expr="IsSysAdmin"/>
					<WTROW margin-bottom="6">
						<WTSTATIC col="1" tag="CompanyID"/>
						<WTTEXT col="2" value="ATTR(Folder.CompanyID)"/>
					</WTROW>
					<WTROW margin-bottom="6">
						<WTSTATIC col="1" tag="MemberID"/>
						<WTTEXT col="2" value="ATTR(Folder.MemberID)"/>
					</WTROW>
				</WTCODEGROUP>
				<WTROW>
					<WTCONDITION expr="NotSysAdmin"/>
					<WTHIDDEN value="ATTR(Folder.CompanyID)"/>
					<WTHIDDEN value="ATTR(Folder.MemberID)"/>
				</WTROW>
				<WTROW margin-bottom="6">
					<WTSTATIC col="1" tag="FolderName"/>
					<WTTEXT col="2" value="ATTR(Folder.FolderName)"/>
				</WTROW>
				<WTROW margin-bottom="6">
					<WTSTATIC col="1" tag="Seq"/>
					<WTTEXT col="2" value="ATTR(Folder.Seq)" size="2"/>
					<WTSTATIC col="2" tag="ParentID"/>
					<WTTEXT col="2" value="ATTR(Folder.ParentID)" size="2" noprespace="true"/>
					<WTCHECK col="2" value="ATTR(Folder.IsShare)">
						<WTCONDITION expr="NotMemberOnly"/>
						<WTCONDITION expr="PARAM(GroupID)" oper="equal" value="ATTR(Folder.MemberID)" connector="or"/>
					</WTCHECK>
				</WTROW>
				<WTROW margin-bottom="6">
					<WTCONDITION expr="CONST(count(/DATA/TXN/PTSDRIPCAMPAIGNS/ENUM))" oper="greater" value="CONST(1)"/>
					<WTSTATIC col="1" tag="DripCampaignID"/>
					<WTCOMBO col="2" value="ATTR(Folder.DripCampaignID)" datapath="/DATA/TXN/PTSDRIPCAMPAIGNS/ENUM" setselected="true"/>
				</WTROW>
				
				<WTCODEGROUP>
					<WTCONDITION expr="IsEmployee"/>
					<WTCONDITION expr="IsOrgAdminOnly" connector="or"/>
					<WTCONDITION expr="IsOrgManagerOnly" connector="or"/>
<!--
					<WTROW>
						<WTSTATIC col="1" tag="Entity"/>
						<WTCOMBO col="2" value="ATTR(Folder.Entity)">
							<WTOPTION id="22" label="Contact"/>
							<WTOPTION id="81" label="Prospect"/>
							<WTOPTION id="-81" label="Customer"/>
							<WTOPTION id="4" label="Member"/>
						</WTCOMBO>
					</WTROW>
-->					
					<WTROW>
						<WTSTATIC col="1" tag="Virtual"/>
						<WTCOMBO col="2" value="ATTR(Folder.Virtual)">
							<WTOPTION id="0" label="Virtual0"/>
							<WTOPTION id="1" label="Virtual1"/>
							<WTOPTION id="2" label="Virtual2"/>
							<WTOPTION id="3" label="Virtual3"/>
							<WTOPTION id="4" label="Virtual4"/>
							<WTOPTION id="5" label="Virtual5"/>
							<WTOPTION id="6" label="Virtual6"/>
							<WTOPTION id="7" label="Virtual7"/>
							<WTOPTION id="8" label="Virtual8"/>
							<WTOPTION id="9" label="Virtual9"/>
							<WTOPTION id="10" label="Virtual10"/>
							<WTOPTION id="11" label="Virtual11"/>
							<WTOPTION id="12" label="Virtual12"/>
							<WTOPTION id="13" label="Virtual13"/>
							<WTOPTION id="14" label="Virtual14"/>
							<WTOPTION id="15" label="Virtual15"/>
							<WTOPTION id="16" label="Virtual16"/>
							<WTOPTION id="17" label="Virtual17"/>
							<WTOPTION id="18" label="Virtual18"/>
						</WTCOMBO>
					</WTROW>
<!--					
					<WTROW>
						<WTSTATIC col="1" tag="Data"/>
						<WTTEXT col="2" value="ATTR(Folder.Data)"/>
					</WTROW>
-->					
				</WTCODEGROUP>
				<WTROW>
					<WTCONDITION expr="NotEmployee"/>
					<WTCONDITION expr="NotOrgAdminOnly" connector="and"/>
					<WTCONDITION expr="NotOrgManagerOnly" connector="and"/>
<!--					<WTHIDDEN value="ATTR(Folder.Entity)"/>-->
					<WTHIDDEN value="ATTR(Folder.Virtual)"/>
<!--					<WTHIDDEN value="ATTR(Folder.Data)"/>-->
				</WTROW>

				<WTROW margin-top="12" margin-bottom="12">
					<WTBUTTON col="1" merge="2" action="1" value="CONST(Update)" align="center"/>
					<WTBUTTON col="1" merge="2" action="3" value="CONST(Return)" align="center"/>
					<WTBUTTON col="1" merge="2" action="2" value="CONST(Delete)" align="center"/>
				</WTROW>
				
			</WTCONTENT>
		</WTWEBPAGE>

		<!--===============================================================================-->
		<WTWEBPAGE name="12410" header="false" footer="false" navbar="false" wrapper="wrapper600"
				   aspstyle="GenerateWebASP.xsl" xslstyle="GenerateWebXSLList.xsl" secured="52">
		<!--===============================================================================-->
			<WTPARAM name="CompanyID" datatype="number"/>
			<WTPARAM name="MemberID" datatype="number"/>
			<WTPARAM name="Entity" datatype="number"/>

			<WTSUB name="CreateFolder">
				<WTOBJECT name="Folder" project="ptsFolderUser" class="CFolder">
					<WTMETHOD name="Load">
						<WTPARAM name="FolderID" direction="input" value="CONST(0)"/>
						<WTPARAM name="SecurityToken" direction="input" value="SYS(userid)"/>
					</WTMETHOD>
					<WTSETATTRIBUTE name="ATTR(CompanyID)" value="PARAM(CompanyID)"/>
					<WTSETATTRIBUTE name="ATTR(MemberID)" value="PARAM(MemberID)"/>
					<WTSETATTRIBUTE name="ATTR(ParentID)" value="CONST(0)"/>
					<WTSETATTRIBUTE name="ATTR(FolderName)" value="CONST(&quot;Contacts&quot;)">
						<WTCONDITION expr="PARAM(Entity)" oper="equal" value="CONST(22)"/>
					</WTSETATTRIBUTE>
					<WTSETATTRIBUTE name="ATTR(FolderName)" value="CONST(&quot;Prospects&quot;)">
						<WTCONDITION expr="PARAM(Entity)" oper="equal" value="CONST(81)"/>
					</WTSETATTRIBUTE>
					<WTSETATTRIBUTE name="ATTR(FolderName)" value="CONST(&quot;Customers&quot;)">
						<WTCONDITION expr="PARAM(Entity)" oper="equal" value="CONST(-81)"/>
					</WTSETATTRIBUTE>
					<WTSETATTRIBUTE name="ATTR(FolderName)" value="CONST(&quot;Members&quot;)">
						<WTCONDITION expr="PARAM(Entity)" oper="equal" value="CONST(4)"/>
					</WTSETATTRIBUTE>
					<WTSETATTRIBUTE name="ATTR(Seq)" value="CONST(1)"/>
					<WTSETATTRIBUTE name="ATTR(IsShare)" value="CONST(1)"/>
					<WTSETATTRIBUTE name="ATTR(Entity)" value="PARAM(Entity)"/>
					<WTMETHOD name="Add">
						<WTPARAM name="FolderID" direction="return" datatype="number"/>
						<WTPARAM name="SecurityToken" direction="input" value="SYS(userid)"/>
					</WTMETHOD>
				</WTOBJECT>
			</WTSUB>

			<WTACTION name="New" type="New" id="0">
				<WTGETCACHE name="CONST(tmpGroupID)" value="GROUPID" datatype="number"/>
				<WTOBJECT name="Folders" project="ptsFolderUser" class="CFolders">
					<WTMETHOD name="ListFolder">
						<WTPARAM name="CompanyID" direction="input" value="PARAM(CompanyID)"/>
						<WTPARAM name="GroupID" direction="input" value="CONST(tmpGroupID)"/>
						<WTPARAM name="MemberID" direction="input" value="PARAM(MemberID)"/>
						<WTPARAM name="Entity" direction="input" value="PARAM(Entity)"/>
					</WTMETHOD>
					<!-- If no folders, create the first one -->
					<WTCUSTOM>
						tmpTotal = 0
						For Each oItem in oFolders
							tmpTotal = tmpTotal + 1
						Next
					</WTCUSTOM>
					<WTCODEGROUP>
						<WTCONDITION expr="CONST(tmpTotal)" oper="equal" value="CONST(0)" />
						<WTCALLSUB name="CreateFolder"/>
						<WTMETHOD name="ListFolder">
							<WTPARAM name="CompanyID" direction="input" value="PARAM(CompanyID)"/>
							<WTPARAM name="GroupID" direction="input" value="CONST(tmpGroupID)"/>
							<WTPARAM name="MemberID" direction="input" value="PARAM(MemberID)"/>
							<WTPARAM name="Entity" direction="input" value="PARAM(Entity)"/>
						</WTMETHOD>
					</WTCODEGROUP>
					<WTMETHOD name="XML">
						<WTPARAM name="xmlFolders" direction="return" datatype="text"/>
					</WTMETHOD>
				</WTOBJECT>
			</WTACTION>

			<WTACTION id="3" name="Cancel" type="Cancel">
				<WTRETURN/>
			</WTACTION>

	 		<!--************************************************************************************-->
			<WTCONTENT>
				<WTCOLUMN width="600" align="left"/>

				<WTFUNCTION name="editFolder(folder)">
					var company = document.getElementById('CompanyID').value
					var member = document.getElementById('MemberID').value
					var entity = document.getElementById('Entity').value
					var ret = "12410.asp?companyid=" + company + "%26memberid=" + member + "%26entity=" + entity
					var URL = "12403.asp?f=" + folder + "&amp;returnurl=" + ret
					window.location = URL;
				</WTFUNCTION>
				<WTFUNCTION name="addFolder(folder)">
					var company = document.getElementById('CompanyID').value
					var member = document.getElementById('MemberID').value
					var entity = document.getElementById('Entity').value
					var ret = "12410.asp?companyid=" + company + "%26memberid=" + member + "%26entity=" + entity
					var URL = "12402.asp?c=" + company + "&amp;m=" + member + "&amp;e=" + entity + "&amp;p=" + folder + "&amp;returnurl=" + ret
					window.location = URL;
				</WTFUNCTION>

				<WTFUNCTION name="ViewDrip(id)">
					var url = "11410.asp?folderid=" + id
					var win = window.open(url,"DripCampaign","top=100,left=100,height=400,width=600,resizable=yes,status=no,toolbar=no,menubar=no,location=no,titlebar=no");
					win.focus();
				</WTFUNCTION>

				<WTROW>
					<WTHIDDEN value="PARAM(CompanyID)"/>
					<WTHIDDEN value="PARAM(MemberID)"/>
					<WTHIDDEN value="PARAM(Entity)"/>
				</WTROW>

				<WTROW>
					<WTSTATIC col="1" class="PageHeading" align="left">
						<WTSTATIC label="ManageContactFolders">
							<WTCONDITION expr="PARAM(Entity)" oper="equal" value="CONST(22)"/>
						</WTSTATIC>
						<WTSTATIC label="ManageProspectFolders">
							<WTCONDITION expr="PARAM(Entity)" oper="equal" value="CONST(81)"/>
						</WTSTATIC>
						<WTSTATIC label="ManageCustomerFolders">
							<WTCONDITION expr="PARAM(Entity)" oper="equal" value="CONST(-81)"/>
						</WTSTATIC>
						<WTSTATIC label="ManageMemberFolders">
							<WTCONDITION expr="PARAM(Entity)" oper="equal" value="CONST(4)"/>
						</WTSTATIC>
					</WTSTATIC>
				</WTROW>
				<WTROW margin-bottom="6">
					<WTDIVIDER col="1" height="1" color="SYS(headerdivider)"/>
				</WTROW>
				<WTROW margin-bottom="12">
					<WTSTATIC col="1" align="left" label="ManageFolderText" class="prompt"/>
				</WTROW>

				<WTSTATIC label="SystemFolder"/>
				<WTSTATIC label="VirtualFolder"/>
				<WTSTATIC label="SharedFolder"/>
				<WTSTATIC label="DripCampaign"/>

				<WTROW margin-bottom="2">
					<WTSTATIC col="1" align="left">
						<WTCODEGROUP>
							<WTIMAGE value="CONST(FolderAdd.gif)" imgalign="absmiddle"/>
							<WTSTATIC space="1"/>
							<WTSTATIC label="AddTopFolder">
								<WTLINK name="CONST(addFolder(0))" click="true"/>
							</WTSTATIC>
						</WTCODEGROUP>
					</WTSTATIC>
				</WTROW>
				<WTROW margin-bottom="6">
					<WTDIVIDER col="1" height="1" color="SYS(divider)"/>
				</WTROW>

				<WTROW margin-bottom="6">
					<WTTREE col="1" entity="Folder" tree-node-open="folder_open.gif" nodeid="FolderID" parentid="ParentID" height="25" treeheight="100" border="none" borderwidth="200" display="true">
<!--					<WTTREE2 col="1" entity="Folder" nodeid="FolderID" parentid="ParentID">-->
<!--						<WTNODECLICK>editFolder(&lt;xsl:value-of select=&quot;@folderid&quot;/&gt;)</WTNODECLICK>-->

						<WTSTATIC value="DATA(FolderName)" space="1"/>
						<WTSTATIC>
							<WTCODEGROUP>
								<WTCONDITION expr="IsSysAdmin"/>
								<WTCONDITION expr="DATA(CompanyID)" oper="equal" value="PARAM(CompanyID)" connector="or"  paren="start"/>
								<WTCONDITION expr="DATA(MemberID)" oper="equal" value="PARAM(MemberID)" connector="and"  paren="end"/>
								<WTSTATIC space="1"/>
								<WTIMAGE value="CONST(Edit.gif)" imgalign="absmiddle">
									<WTLINK name="CONST(editFolder(&lt;xsl:value-of select=&quot;@folderid&quot;/&gt;))" click="true"/>
								</WTIMAGE>
							</WTCODEGROUP>
							<WTSTATIC space="1"/>
							<WTCODEGROUP>
								<WTIMAGE value="CONST(FolderAdd.gif)" imgalign="absmiddle">
									<WTLINK name="CONST(addFolder(&lt;xsl:value-of select=&quot;@folderid&quot;/&gt;))" click="true"/>
								</WTIMAGE>
							</WTCODEGROUP>
							<WTCODEGROUP>
								<WTCONDITION expr="DATA(CompanyID)" oper="equal" value="CONST(0)"/>
								<WTSTATIC space="1"/>
								<WTIMAGE value="CONST(System.gif)" alt="SystemFolder" imgalign="absmiddle"/>
							</WTCODEGROUP>
							<WTCODEGROUP>
								<WTCONDITION expr="DATA(Virtual)" oper="not-equal" value="CONST(0)"/>
								<WTSTATIC space="1"/>
								<WTIMAGE value="CONST(FolderVirtual.gif)" alt="VirtualFolder" imgalign="absmiddle"/>
							</WTCODEGROUP>
							<WTCODEGROUP>
								<WTCONDITION expr="DATA(IsShare)" oper="not-equal" value="CONST(0)"/>
								<WTSTATIC space="1"/>
								<WTIMAGE value="CONST(Share.gif)" alt="SharedFolder" imgalign="absmiddle"/>
							</WTCODEGROUP>
							<WTCODEGROUP>
								<WTCONDITION expr="DATA(DripCampaignID)" oper="not-equal" value="CONST(0)"/>
								<WTSTATIC space="1"/>
								<WTIMAGE value="CONST(Email.gif)" alt="DripCampaign" imgalign="absmiddle">
									<WTLINK name="ViewDrip(&lt;xsl:value-of select=&quot;@folderid&quot;/&gt;)" click="true"/>
								</WTIMAGE>
							</WTCODEGROUP>
						</WTSTATIC>
						<WTSTATIC space="1"/>
						<WTSTATIC value="CONST(&lt;xsl:value-of select=&quot;concat('(#',@folderid,' - seq:',@seq,')')&quot;/&gt;)" fontcolor="blue" space="1"/>
					</WTTREE>
				</WTROW>
			</WTCONTENT>
		</WTWEBPAGE>
		
	</WTWEBPAGES>
</WTROOT>