<WTROOT prefix="pts" system="Pinnacle">
	<WTENTITY id="59" name="Genealogy" alias="ge">

		<!--Identity-->
		<WTATTRIBUTE id="5901" name="GenealogyID" type="number" identity="true" min="1" required="true" source="entity"/>
		<WTATTRIBUTE id="5902" name="CompanyID" type="number" required="true" source="entity"/>

		<!--Attributes-->
		<WTATTRIBUTE id="5903" name="GenealogyName" type="text" length="40" min="1" max="40" required="true" title="true" source="entity"/>
		<WTATTRIBUTE id="5904" name="GenealogyNo" type="number" source="entity"/>

		<WTINDEX name="CompanyID">
			<WTATTRIBUTE name="CompanyID"/>
			<WTATTRIBUTE name="GenealogyNo"/>
		</WTINDEX>

		<WTRELATIONSHIPS>
			<WTRELATIONSHIP name="Genealogy" entity="Genealogy" alias="ge"/>
		</WTRELATIONSHIPS>

	</WTENTITY>

	<WTPROCEDURES>
		<WTPROCEDURE type="Add" name="Add" style="GenerateDataProc.xsl"/>
		<WTPROCEDURE type="Delete" name="Delete" style="GenerateDataProc.xsl"/>
		<WTPROCEDURE type="Fetch" name="Fetch" style="GenerateDataProc.xsl"/>
		<WTPROCEDURE type="Update" name="Update" style="GenerateDataProc.xsl"/>
		<!--===================================================================================-->
		<WTPROCEDURE type="List" name="List" style="GenerateDataProc.xsl" template="new" passthru="true">
			<WTPARAM name="ATTR(CompanyID)" direction="input" required="false"/>
			<WTCODEGROUP>
				<WTSELECT>
					<WTATTRIBUTE value="ATTR(Genealogy.GenealogyID)"/>
					<WTATTRIBUTE value="ATTR(Genealogy.GenealogyName)"/>
					<WTATTRIBUTE value="ATTR(Genealogy.GenealogyNo)"/>
					<WTJOIN name="Genealogy"/>
					<WTCONDITION expr="ATTR(CompanyID)" oper="equal" value="PARAM(CompanyID)"/>
					<WTORDER name="ATTR(Genealogy.GenealogyNo)"/>
				</WTSELECT>
			</WTCODEGROUP>
		</WTPROCEDURE>
	</WTPROCEDURES>

	<WTWEBPAGES>
		<!--============================================================================================-->
		<WTWEBPAGE name="5902" aspstyle="GenerateWebASP.xsl" xslstyle="GenerateWebXSLAdd.xsl">
      <!--============================================================================================-->
			<WTPARAM name="CompanyID" datatype="number"/>

			<WTSETATTRIBUTE name="PARAM(CompanyID)" value="SYS(CompanyID)">
				<WTCONDITION expr="PARAM(CompanyID)" oper="equal" value="CONST(0)"/>
			</WTSETATTRIBUTE>

			<WTACTION id="0" name="New" type="New">
				<WTOBJECT name="Genealogy" project="ptsGenealogyUser" class="CGenealogy">
					<WTMETHOD name="Load">
						<WTPARAM name="GenealogyID" direction="input" value="CONST(0)"/>
						<WTPARAM name="SecurityToken" direction="input" value="SYS(userid)"/>
					</WTMETHOD>
					<WTMETHOD name="XML">
						<WTPARAM name="xmlGenealogy" direction="return" datatype="text"/>
						<WTPARAM name="Option" direction="input" value="CONST(2)"/>
					</WTMETHOD>
				</WTOBJECT>
			</WTACTION>

			<WTACTION id="2" name="Add" type="Add">
				<WTOBJECT name="Genealogy" project="ptsGenealogyUser" class="CGenealogy">
					<WTMETHOD name="Load">
						<WTPARAM name="GenealogyID" direction="input" value="CONST(0)"/>
						<WTPARAM name="SecurityToken" direction="input" value="SYS(userid)"/>
					</WTMETHOD>
					<WTSETATTRIBUTE name="ATTR(CompanyID)" value="PARAM(CompanyID)"/>
					<WTSETATTRIBUTES/>
					<WTMETHOD name="Add">
						<WTPARAM name="GenealogyID" direction="return" datatype="number"/>
						<WTPARAM name="SecurityToken" direction="input" value="SYS(userid)"/>
					</WTMETHOD>
					<WTMETHOD name="XML">
						<WTCONDITION expr="IsErrors"/>
						<WTPARAM name="xmlGenealogy" direction="return" datatype="text"/>
						<WTPARAM name="Option" direction="input" value="CONST(2)"/>
					</WTMETHOD>
				</WTOBJECT>
				<WTRETURN>
					<WTCONDITION expr="NoErrors"/>
				</WTRETURN>
			</WTACTION>

			<WTACTION id="3" name="Cancel" type="Cancel">
				<WTRETURN/>
			</WTACTION>

	 		<!--************************************************************************************-->
			<WTCONTENT>
				<WTCOLUMN width="160" align="right"/>
				<WTCOLUMN width="440" align="left"/>

				<WTROW>
					<WTSTATIC col="1" merge="2" label="NewGenealogy" class="PageHeading" align="left"/>
				</WTROW>
				<WTROW margin-bottom="12">
					<WTDIVIDER col="1" merge="2" align="left" height="1" color="SYS(headerdivider)"/>
				</WTROW>

				<WTROW>
					<WTSTATIC col="1" tag="GenealogyName"/>
					<WTTEXT col="2" value="ATTR(Genealogy.GenealogyName)"/>
				</WTROW>
				<WTROW>
					<WTSTATIC col="1" tag="GenealogyNo"/>
					<WTTEXT col="2" value="ATTR(Genealogy.GenealogyNo)" size="2"/>
				</WTROW>

				<WTROW margin-top="12" margin-bottom="12">
					<WTSTATIC col="1"/>
					<WTBUTTON col="2" action="2" value="CONST(Add)">
						<WTCONDITION expr="IsActive"/>
					</WTBUTTON>
					<WTBUTTON col="2" action="3" value="CONST(Cancel)"/>
				</WTROW>
				
			</WTCONTENT>
		</WTWEBPAGE>

		<!--============================================================================================-->
		<WTWEBPAGE name="5903" aspstyle="GenerateWebASP.xsl" xslstyle="GenerateWebXSLItem.xsl" >
		<!--============================================================================================-->
			<WTPARAM name="GenealogyID" datatype="number"/>

			<WTACTION id="0" name="New" type="New">
				<WTOBJECT name="Genealogy" project="ptsGenealogyUser" class="CGenealogy">
					<WTMETHOD name="Load">
						<WTPARAM name="GenealogyID" direction="input" value="PARAM(GenealogyID)"/>
						<WTPARAM name="SecurityToken" direction="input" value="SYS(userid)"/>
					</WTMETHOD>
					<WTMETHOD name="XML">
						<WTPARAM name="xmlGenealogy" direction="return" datatype="text"/>
						<WTPARAM name="Option" direction="input" value="CONST(2)"/>
					</WTMETHOD>
				</WTOBJECT>
			</WTACTION>

			<WTACTION id="1" name="Update" type="Update">
				<WTOBJECT name="Genealogy" project="ptsGenealogyUser" class="CGenealogy">
					<WTMETHOD name="Load">
						<WTPARAM name="GenealogyID" direction="input" value="PARAM(GenealogyID)"/>
						<WTPARAM name="SecurityToken" direction="input" value="SYS(userid)"/>
					</WTMETHOD>
					<WTSETATTRIBUTES/>
					<WTMETHOD name="Save">
						<WTPARAM name="SecurityToken" direction="input" value="SYS(userid)"/>
					</WTMETHOD>
					<WTMETHOD name="XML">
						<WTCONDITION expr="IsErrors"/>
						<WTPARAM name="xmlGenealogy" direction="return" datatype="text"/>
						<WTPARAM name="Option" direction="input" value="CONST(2)"/>
					</WTMETHOD>
				</WTOBJECT>
				<WTRETURN>
					<WTCONDITION expr="NoErrors"/>
				</WTRETURN>
			</WTACTION>

			<WTACTION id="3" name="Cancel" type="Cancel">
				<WTRETURN/>
			</WTACTION>

			<WTACTION id="4" name="Delete" type="Delete">
				<WTOBJECT name="Genealogy" project="ptsGenealogyUser" class="CGenealogy">
					<WTMETHOD name="Delete">
						<WTPARAM name="GenealogyID" direction="input" value="PARAM(GenealogyID)"/>
						<WTPARAM name="SecurityToken" direction="input" value="SYS(userid)"/>
					</WTMETHOD>
				</WTOBJECT>
				<WTOBJECT name="Genealogy" project="ptsGenealogyUser" class="CGenealogy">
					<WTCONDITION expr="IsErrors"/>
					<WTMETHOD name="Load">
						<WTPARAM name="GenealogyID" direction="input" value="PARAM(GenealogyID)"/>
						<WTPARAM name="SecurityToken" direction="input" value="SYS(userid)"/>
					</WTMETHOD>
					<WTMETHOD name="XML">
						<WTPARAM name="xmlGenealogy" direction="return" datatype="text"/>
						<WTPARAM name="Option" direction="input" value="CONST(2)"/>
					</WTMETHOD>
				</WTOBJECT>
				<WTRETURN>
					<WTCONDITION expr="NoErrors"/>
				</WTRETURN>
			</WTACTION>

	 		<!--************************************************************************************-->
			<WTCONTENT>
				<WTCOLUMN width="160" align="right"/>
				<WTCOLUMN width="440" align="left"/>

				<WTROW>
					<WTSTATIC col="1" merge="2" tag="Genealogy" value="ATTR(Genealogy.GenealogyName)" class="PageHeading" align="left"/>
				</WTROW>
				<WTROW margin-bottom="12">
					<WTDIVIDER col="1" merge="2" align="left" height="1" color="SYS(headerdivider)"/>
				</WTROW>

				<WTROW>
					<WTSTATIC col="1" tag="GenealogyName"/>
					<WTTEXT col="2" value="ATTR(Genealogy.GenealogyName)"/>
				</WTROW>
				<WTROW>
					<WTSTATIC col="1" tag="GenealogyNo"/>
					<WTTEXT col="2" value="ATTR(Genealogy.GenealogyNo)" size="2"/>
					<WTIMAGE col="2" value="CONST(Genealogy&lt;xsl:value-of select=&quot;/DATA/TXN/PTSGENEALOGY/@genealogyno&quot;/&gt;.gif)" imgalign="absmiddle" path="Company\&lt;xsl:value-of select=&quot;/DATA/TXN/PTSGENEALOGY/@companyid&quot;/&gt;" height="24"/>
				</WTROW>

				<WTROW margin-top="12" margin-bottom="12">
					<WTSTATIC col="1"/>
					<WTBUTTON col="2" action="1" value="CONST(Update)">
						<WTCONDITION expr="IsActive"/>
					</WTBUTTON>
					<WTBUTTON col="2" action="3" value="CONST(Cancel)"/>
					<WTBUTTON col="2" action="4" value="CONST(Delete)" msg="ConfirmDelete">
						<WTCONDITION expr="IsActive"/>
					</WTBUTTON>
				</WTROW>

			</WTCONTENT>
		</WTWEBPAGE>

		<!--============================================================================================-->
		<WTWEBPAGE name="5911" caption="Genealogys" aspstyle="GenerateWebASP.xsl" xslstyle="GenerateWebXSLList.xsl" >
		<!--============================================================================================-->
			<WTPARAM name="CompanyID" datatype="number"/>

			<WTSETATTRIBUTE name="PARAM(CompanyID)" value="SYS(CompanyID)">
				<WTCONDITION expr="PARAM(CompanyID)" oper="equal" value="CONST(0)"/>
			</WTSETATTRIBUTE>

			<WTACTION name="New" type="New" id="0">
				<WTOBJECT name="Genealogys" project="ptsGenealogyUser" class="CGenealogys">
					<WTMETHOD name="List">
						<WTPARAM name="CompanyID" direction="input" value="PARAM(CompanyID)"/>
					</WTMETHOD>
					<WTMETHOD name="XML">
						<WTPARAM name="xmlGenealogys" direction="return" concat="true" datatype="text"/>
						<WTPARAM name="Option" direction="input" value="CONST(13)"/>
					</WTMETHOD>
				</WTOBJECT>
			</WTACTION>

			<WTACTION id="3" name="Return" type="Cancel">
				<WTRETURN/>
			</WTACTION>

	 		<!--************************************************************************************-->
			<WTCONTENT>
				<WTCOLUMN width="300" align="left"/>
				<WTCOLUMN width="300" align="right"/>

				<WTROW>
					<WTSTATIC col="1" label="Genealogys" class="PageHeading" align="left"/>
					<WTSTATIC col="2" label="NewGenealogy" align="right">
						<WTLINK name="5902">
							<WTPARAM name="CompanyID" value="PARAM(CompanyID)"/>
						</WTLINK>
					</WTSTATIC>
				</WTROW>
				<WTROW margin-bottom="6">
					<WTDIVIDER col="1" merge="2" height="1" color="SYS(headerdivider)"/>
				</WTROW>
				<WTROW margin-bottom="6">
					<WTSTATIC col="1" merge="2" label="GenealogyText" align="left" class="prompt"/>
				</WTROW>
				<WTROW margin-bottom="6">
					<WTDIVIDER col="1" merge="2" height="1" color="SYS(divider)"/>
				</WTROW>
				<WTROW>
					<WTRECORDSET col="1" merge="2" graybar="true" entity="Genealogy">
						<WTCOLUMN width="20" align="center" label="GenealogyNo"/>
						<WTCOLUMN width="20" align="center" label="Icon"/>
						<WTCOLUMN width="60" align="left" label="GenealogyName"/>
						<WTROW>
							<WTSTATIC col="1" value="DATA(Genealogy.GenealogyNo)" height="24"/>
							<WTIMAGE col="2" value="CONST(Genealogy&lt;xsl:value-of select=&quot;@genealogyno&quot;/&gt;.gif)" imgalign="absmiddle" path="Company\&lt;xsl:value-of select=&quot;/DATA/PARAM/@companyid&quot;/&gt;"/>
							<WTSTATIC col="3" value="DATA(Genealogy.GenealogyName)">
								<WTLINK name="5903"><WTPARAM name="GenealogyID" value="DATA(Genealogy.GenealogyID)"/></WTLINK>
							</WTSTATIC>
						</WTROW>
					</WTRECORDSET>
				</WTROW>

				<WTROW margin-top="12" margin-bottom="12">
					<WTBUTTON col="2" action="3" value="CONST(Return)"/>
				</WTROW>

			</WTCONTENT>
		</WTWEBPAGE>
	</WTWEBPAGES>
</WTROOT>