<WTROOT prefix="pts" dbo="dbo" system="Pinnacle">
	<WTENTITY id="109" name="Govid" alias="gi" audit="false">

		<!--Identity-->
		<WTATTRIBUTE id="10901" name="GovidID" type="number" identity="true" min="1" required="true" source="entity"/>

		<!--Foreign Keys-->
		<WTATTRIBUTE id="10902" name="MemberID" type="number" source="entity" required="true"/>
		<WTATTRIBUTE id="10903" name="CountryID" type="number" source="entity"/>

		<!--Attributes-->
		<WTATTRIBUTE id="10905" name="GType" type="number" source="entity" blankrow="false">
			<WTENUM id="1" name="GType1"/>
			<WTENUM id="2" name="GType2"/>
			<WTENUM id="3" name="GType3"/>
			<WTENUM id="4" name="GType4"/>
			<WTENUM id="5" name="GType5"/>
			<WTENUM id="6" name="GType6"/>
			<WTENUM id="7" name="GType7"/>
			<WTENUM id="8" name="GType8"/>
			<WTENUM id="9" name="GType9"/>
			<WTENUM id="10" name="GType10"/>
			<WTENUM id="11" name="GType11"/>
			<WTENUM id="12" name="GType12"/>
		</WTATTRIBUTE>
		<WTATTRIBUTE id="10906" name="GNumber" type="text" length="50" min="1" max="50" title="true" source="entity"/>
		<WTATTRIBUTE id="10907" name="Issuer" type="text" length="2" min="1" max="2" source="entity" language="false"/>
		<WTATTRIBUTE id="10908" name="IssueDate" type="date" source="entity"/>
		<WTATTRIBUTE id="10909" name="ExpDate" type="date" source="entity"/>

		<!--Indexes-->
		<WTINDEX name="Member">
			<WTATTRIBUTE name="MemberID"/>
		</WTINDEX>

		<WTRELATIONSHIPS>
			<WTRELATIONSHIP name="Govid" entity="Govid" alias="gi"/>
		</WTRELATIONSHIPS>

	</WTENTITY>

	<WTPROCEDURES>
		<WTPROCEDURE type="Add" name="Add" style="GenerateDataProc.xsl"/>
		<WTPROCEDURE type="Delete" name="Delete" style="GenerateDataProc.xsl"/>
		<WTPROCEDURE type="Fetch" name="Fetch" style="GenerateDataProc.xsl"/>
		<!--================================================================================================-->
		<WTPROCEDURE type="Fetch" name="FetchMember" style="GenerateDataProc.xsl" template="new">
			<WTPARAM name="ATTR(MemberID)" direction="input"/>
			<WTPARAM name="ATTR(GovidID)" direction="output"/>
			<WTPARAM name="ATTR(CountryID)" direction="output"/>
			<WTPARAM name="ATTR(GType)" direction="output"/>
			<WTPARAM name="ATTR(GNumber)" direction="output"/>
			<WTPARAM name="ATTR(Issuer)" direction="output"/>
			<WTPARAM name="ATTR(IssueDate)" direction="output"/>
			<WTPARAM name="ATTR(ExpDate)" direction="output"/>
			<WTCODEGROUP>
				<WTSELECT>
					<WTATTRIBUTE name="PARAM(GovidID)" value="ATTR(Govid.GovidID)"/>
					<WTATTRIBUTE name="PARAM(CountryID)" value="ATTR(Govid.CountryID)"/>
					<WTATTRIBUTE name="PARAM(MemberID)" value="ATTR(Govid.MemberID)"/>
					<WTATTRIBUTE name="PARAM(GType)" value="ATTR(Govid.GType)"/>
					<WTATTRIBUTE name="PARAM(GNumber)" value="ATTR(Govid.GNumber)"/>
					<WTATTRIBUTE name="PARAM(Issuer)" value="ATTR(Govid.Issuer)"/>
					<WTATTRIBUTE name="PARAM(IssueDate)" value="ATTR(Govid.IssueDate)"/>
					<WTATTRIBUTE name="PARAM(ExpDate)" value="ATTR(Govid.ExpDate)"/>
					<WTJOIN name="Govid" lock="false"/>
					<WTCONDITION expr="ATTR(Govid.MemberID)" oper="equal" value="PARAM(MemberID)"/>
				</WTSELECT>
			</WTCODEGROUP>
		</WTPROCEDURE>
		<WTPROCEDURE type="Update" name="Update" style="GenerateDataProc.xsl"/>
		<!--===================================================================================-->
		<WTPROCEDURE type="List" name="List" style="GenerateDataProc.xsl" template="new" passthru="true">
			<WTPARAM name="ATTR(MemberID)" direction="input"/>
			<WTCODEGROUP>
				<WTSELECT>
					<WTATTRIBUTE value="ATTR(Govid.GovidID)"/>
					<WTATTRIBUTE value="ATTR(Govid.GType)"/>
					<WTATTRIBUTE value="ATTR(Govid.GNumber)"/>
					<WTATTRIBUTE value="ATTR(Govid.Issuer)"/>
					<WTATTRIBUTE value="ATTR(Govid.IssueDate)"/>
					<WTATTRIBUTE value="ATTR(Govid.ExpDate)"/>
					<WTJOIN name="Govid"/>
					<WTCONDITION expr="ATTR(Govid.MemberID)" oper="equal" value="PARAM(MemberID)"/>
					<WTORDER name="ATTR(Govid.GType)" descend="true"/>
				</WTSELECT>
			</WTCODEGROUP>
		</WTPROCEDURE>
	</WTPROCEDURES>

	<WTWEBPAGES>
		<!--============================================================================================-->
		<WTWEBPAGE name="10903" navbar="false" header="false" footer="false"
		aspstyle="GenerateWebASP.xsl" xslstyle="GenerateWebXSLItem.xsl" >
		<!--============================================================================================-->
			<WTPARAM name="GovidID" datatype="number"/>
			<WTPARAM name="MemberID" datatype="number"/>
			<WTPARAM name="State" datatype="text"/>
			<WTPARAM name="CountryID" datatype="number"/>

			<!-- CHECK FOR ILLEGAL ACCESS -->
			<WTCODEGROUP>
				<WTCONDITION expr="IsAnonymous"/>
				<WTRETURN>
					<WTLINK name="0101" return="false">
						<WTPARAM name="ActionCode" value="CONST(9)"/>
					</WTLINK>
				</WTRETURN>
			</WTCODEGROUP>
			<WTCODEGROUP>
				<WTCONDITION expr="IsMemberOnly"/>
				<WTCONDITION expr="PARAM(MemberID)" oper="not-equal" value="SYS(MemberID)" connector="and"/>
				<WTRETURN>
					<WTLINK name="0101" return="false">
						<WTPARAM name="ActionCode" value="CONST(9)"/>
					</WTLINK>
				</WTRETURN>
			</WTCODEGROUP>
			<WTCODEGROUP>
				<WTCONDITION expr="SYS(CompanyID)" oper="equal" value="CONST(0)"/>
				<WTOBJECT name="Member" project="ptsMemberUser" class="CMember">
					<WTMETHOD name="Load">
						<WTPARAM name="MemberID" direction="input" value="PARAM(MemberID)"/>
						<WTPARAM name="SecurityToken" direction="input" value="SYS(userid)"/>
					</WTMETHOD>
					<WTSETATTRIBUTE name="SYS(CompanyID)" value="ATTR(CompanyID)"/>
					<WTSETCACHE name="SYS(CompanyID)" value="SYS(CompanyID)"/>
				</WTOBJECT>
			</WTCODEGROUP>

			<WTSUB name="LoadCountrys">
				<WTOBJECT name="Countrys" project="ptsCountryUser" class="CCountrys">
					<WTMETHOD name="EnumCompany">
						<WTPARAM name="xmlCountrys" direction="return" datatype="text" />
						<WTPARAM name="CompanyID" direction="input" value="SYS(CompanyID)" />
						<WTPARAM name="ItemID" direction="input" value="CONST()" />
						<WTPARAM name="Element" direction="input" value="CONST()" />
						<WTPARAM name="SecurityToken" direction="input" value="SYS(userid)" />
					</WTMETHOD>
				</WTOBJECT>
			</WTSUB>
			<WTSUB name="LoadGovid">
				<WTCALLSUB name="LoadCountrys"/>
				<WTOBJECT name="Govid" project="ptsGovidUser" class="CGovid">
					<WTMETHOD name="FetchMember">
						<WTPARAM name="MemberID" direction="input" value="PARAM(MemberID)"/>
					</WTMETHOD>
          <WTSETATTRIBUTE name="PARAM(GovidID)" value="ATTR(GovidID)"/>
          <!-- MASK GOVERNMENT ID NUMBER-->
          <WTSETATTRIBUTE name="ATTR(GNumber)" value="CONST(&quot;xxxxxx&quot; + Right(.GNumber, 4))">
            <WTCONDITION expr="ATTR(GNumber)" oper="not-equal" value="CONST(&quot;&quot;)"/>
          </WTSETATTRIBUTE>
          <WTCODEGROUP>
						<WTCONDITION expr="PARAM(GovidID)" oper="equal" value="CONST(0)"/>
						<WTSETATTRIBUTE name="PARAM(CountryID)" value="CONST(224)"/>
					</WTCODEGROUP>
					<WTCODEGROUP>
						<WTCONDITION expr="PARAM(GovidID)" oper="not-equal" value="CONST(0)"/>
						<WTSETATTRIBUTE name="PARAM(CountryID)" value="ATTR(CountryID)"/>
						<WTSETATTRIBUTE name="PARAM(State)" value="ATTR(Issuer)"/>
					</WTCODEGROUP>
					<WTMETHOD name="XML">
						<WTPARAM name="xmlGovid" direction="return" datatype="text"/>
						<WTPARAM name="Option" direction="input" value="CONST(2)"/>
					</WTMETHOD>
				</WTOBJECT>
			</WTSUB>
			<WTSUB name="UpdateGovid">
        <WTSETATTRIBUTE name="CONST(tmpType)" value="FORM(GType)"/>
        <WTSETATTRIBUTE name="PARAM(State)" value="FORM(State)"/>
				<WTSETATTRIBUTE name="PARAM(CountryID)" value="FORM(CountryID)"/>
				<WTSETATTRIBUTE name="CONST(tmpCountry)" value="CONST(&quot;&quot;)"/>
				<WTOBJECT name="Country" project="ptsCountryUser" class="CCountry">
					<WTCONDITION expr="CONST(tmpType)" oper="not-equal" value="CONST(5)"/>
					<WTCONDITION expr="CONST(tmpType)" oper="not-equal" value="CONST(10)" connector="and"/>
					<WTMETHOD name="Load">
						<WTPARAM name="CountryID" direction="input" value="PARAM(CountryID)"/>
						<WTPARAM name="SecurityToken" direction="input" value="SYS(userid)"/>
					</WTMETHOD>
					<WTSETATTRIBUTE name="CONST(tmpCountry)" value="ATTR(Code)"/>
				</WTOBJECT>
				<WTOBJECT name="Govid" project="ptsGovidUser" class="CGovid">
					<WTMETHOD name="FetchMember">
						<WTPARAM name="MemberID" direction="input" value="PARAM(MemberID)"/>
					</WTMETHOD>
          <WTSETATTRIBUTE name="CONST(frmGNumber)" value="FORM(GNumber)"/>
          <WTSETATTRIBUTE name="CONST(tmpGNumber)" value="ATTR(GNumber)"/>
          <WTSETATTRIBUTE name="PARAM(GovidID)" value="ATTR(GovidID)"/>
					<WTSETATTRIBUTE name="ATTR(MemberID)" value="PARAM(MemberID)">
						<WTCONDITION expr="PARAM(GovidID)" oper="equal" value="CONST(0)"/>
					</WTSETATTRIBUTE>
					<WTSETATTRIBUTES/>
					<WTSETATTRIBUTE name="ATTR(Issuer)" value="PARAM(State)">
						<WTCONDITION expr="CONST(tmpCountry)" oper="equal" value="CONST(&quot;&quot;)"/>
					</WTSETATTRIBUTE>
					<WTSETATTRIBUTE name="ATTR(Issuer)" value="CONST(tmpCountry)">
						<WTCONDITION expr="CONST(tmpCountry)" oper="not-equal" value="CONST(&quot;&quot;)"/>
					</WTSETATTRIBUTE>
					<WTCODEGROUP>
						<WTCONDITION expr="ATTR(GType)" oper="less-equal" value="CONST(3)"/>
						<WTSETATTRIBUTE name="ATTR(IssueDate)" value="CONST(&quot;&quot;)"/>
						<WTSETATTRIBUTE name="ATTR(ExpDate)" value="CONST(&quot;&quot;)"/>
					</WTCODEGROUP>
					<WTCODEGROUP>
						<WTCONDITION expr="ATTR(GType)" oper="less-equal" value="CONST(2)"/>
						<WTSETATTRIBUTE name="ATTR(CountryID)" value="CONST(224)"/>
					</WTCODEGROUP>
          <!-- PROCESS MASKED GOVERNMENT ID NUMBER-->
          <WTCUSTOM>
            If Len(tmpGNumber) = 0 Then
              .GNumber = frmGNumber
            Else
              If frmGNumber = "xxxxxx" + Right(tmpGNumber,4) Then
                .GNumber = tmpGNumber
              Else
                .GNumber = frmGNumber
              End If
            End If
          </WTCUSTOM>
          <WTMETHOD name="Add">
						<WTCONDITION expr="PARAM(GovidID)" oper="equal" value="CONST(0)"/>
						<WTPARAM name="GovidID" direction="return" datatype="number"/>
						<WTPARAM name="SecurityToken" direction="input" value="SYS(userid)"/>
					</WTMETHOD>
					<WTMETHOD name="Save">
						<WTCONDITION expr="PARAM(GovidID)" oper="not-equal" value="CONST(0)"/>
						<WTPARAM name="SecurityToken" direction="input" value="SYS(userid)"/>
					</WTMETHOD>
					<WTMETHOD name="XML">
						<WTCONDITION expr="IsErrors"/>
						<WTPARAM name="xmlGovid" direction="return" datatype="text"/>
						<WTPARAM name="Option" direction="input" value="CONST(2)"/>
					</WTMETHOD>
				</WTOBJECT>
				<WTCALLSUB name="LoadCountrys">
					<WTCONDITION expr="IsErrors"/>
				</WTCALLSUB>
			</WTSUB>

			<WTACTION id="0" name="New" type="New">
				<WTCALLSUB name="LoadGovid"/>
			</WTACTION>

			<WTACTION id="1" name="Update" type="Update">
				<WTCALLSUB name="UpdateGovid"/>
				<WTRETURN>
					<WTCONDITION expr="NoErrors"/>
				</WTRETURN>
			</WTACTION>

			<WTACTION id="3" name="Cancel" type="Cancel">
				<WTRETURN/>
			</WTACTION>

			<WTACTION id="4" name="Delete" type="Delete">
				<WTOBJECT name="Govid" project="ptsGovidUser" class="CGovid">
					<WTMETHOD name="Delete">
						<WTPARAM name="GovidID" direction="input" value="PARAM(GovidID)"/>
						<WTPARAM name="SecurityToken" direction="input" value="SYS(userid)"/>
					</WTMETHOD>
				</WTOBJECT>
				<WTOBJECT name="Govid" project="ptsGovidUser" class="CGovid">
					<WTCONDITION expr="IsErrors"/>
					<WTMETHOD name="Load">
						<WTPARAM name="GovidID" direction="input" value="PARAM(GovidID)"/>
						<WTPARAM name="SecurityToken" direction="input" value="SYS(userid)"/>
					</WTMETHOD>
					<WTMETHOD name="XML">
						<WTPARAM name="xmlGovid" direction="return" datatype="text"/>
						<WTPARAM name="Option" direction="input" value="CONST(2)"/>
					</WTMETHOD>
				</WTOBJECT>
				<WTCALLSUB name="LoadCountrys">
					<WTCONDITION expr="IsErrors"/>
				</WTCALLSUB>
				<WTRETURN>
					<WTCONDITION expr="NoErrors"/>
				</WTRETURN>
			</WTACTION>

	 		<!--************************************************************************************-->
			<WTCONTENT>
				<WTCOLUMN width="160" align="right"/>
				<WTCOLUMN width="440" align="left"/>

				<WTFUNCTION name="ShowType()">
					var typ = document.getElementById('GType').value;
					var disp = 'none';
					if( typ &gt; 3 ) disp = '';
					document.getElementById('Date1').style.display = disp;
					document.getElementById('Date2').style.display = disp;
					if( typ == 1 || typ == 2 ) {
						document.getElementById('Issue').style.display = 'none';
					}
					else {
						document.getElementById('Issue').style.display = '';
					}	
					if( typ == 5 || typ == 10 ) {
						document.getElementById('State').style.display = '';
						document.getElementById('CountryID').style.display = 'none';
					}
					else {
						document.getElementById('State').style.display = 'none';
						document.getElementById('CountryID').style.display = '';
					}	
				</WTFUNCTION>

				<WTLOAD>ShowType()</WTLOAD>

				<WTROW>
					<WTSTATIC col="1" merge="2" class="PageHeading" align="left">
						<WTSTATIC tag="Govid" value="ATTR(Govid.GType)">
							<WTCONDITION expr="PARAM(GovidID)" oper="not-equal" value="CONST(0)"/>
						</WTSTATIC>
						<WTSTATIC label="NewGovid">
							<WTCONDITION expr="PARAM(GovidID)" oper="equal" value="CONST(0)"/>
						</WTSTATIC>
					</WTSTATIC>
				</WTROW>
				<WTROW margin-bottom="6">
					<WTDIVIDER col="1" merge="2" align="left" height="1" color="SYS(headerdivider)"/>
				</WTROW>

				<WTROW>
					<WTSTATIC col="1" tag="GType"/>
					<WTCOMBO col="2" value="ATTR(Govid.GType)">
						<WTCHANGE>ShowType()</WTCHANGE>
					</WTCOMBO>
				</WTROW>
				<WTROW>
					<WTSTATIC col="1" tag="GNumber"/>
					<WTTEXT col="2" value="ATTR(Govid.GNumber)"/>
				</WTROW>
				<WTROW id="Issue">
					<WTSTATIC col="1" tag="Issuer"/>
					<WTCOMBO col="2" value="PARAM(CountryID)" datapath="/DATA/TXN/PTSCOUNTRYS/ENUM" setselected="true"/>
					<WTCOMBO col="2" value="PARAM(State)" translate="false" noprespace="true">
						<WTOPTION id="" label="Select"/>
						<WTOPTION id="AL" label="Alabama"/>
						<WTOPTION id="AK" label="Alaska"/>
						<WTOPTION id="AZ" label="Arizona"/>
						<WTOPTION id="AR" label="Arkansas"/>
						<WTOPTION id="CA" label="California"/>
						<WTOPTION id="CO" label="Colorado"/>
						<WTOPTION id="CT" label="Conneticut"/>
						<WTOPTION id="DE" label="Delaware"/>
						<WTOPTION id="FL" label="Florida"/>
						<WTOPTION id="GA" label="Georgia"/>
						<WTOPTION id="HI" label="Hawaii"/>
						<WTOPTION id="ID" label="Idaho"/>
						<WTOPTION id="IL" label="Illinois"/>
						<WTOPTION id="IN" label="Indiana"/>
						<WTOPTION id="IA" label="Iowa"/>
						<WTOPTION id="KS" label="Kansas"/>
						<WTOPTION id="KY" label="Kentucky"/>
						<WTOPTION id="LA" label="Louisiana"/>
						<WTOPTION id="ME" label="Maine"/>
						<WTOPTION id="MD" label="Maryland"/>
						<WTOPTION id="MA" label="Massachusetts"/>
						<WTOPTION id="MI" label="Michigan"/>
						<WTOPTION id="MN" label="Minnesota"/>
						<WTOPTION id="MS" label="Mississippi"/>
						<WTOPTION id="MO" label="Missouri"/>
						<WTOPTION id="MT" label="Montana"/>
						<WTOPTION id="NE" label="Nebraska"/>
						<WTOPTION id="NV" label="Nevada"/>
						<WTOPTION id="NH" label="New Hampshire"/>
						<WTOPTION id="NJ" label="New Jersey"/>
						<WTOPTION id="NM" label="New Mexico"/>
						<WTOPTION id="NY" label="New York"/>
						<WTOPTION id="NC" label="North Carolina"/>
						<WTOPTION id="ND" label="North Dakota"/>
						<WTOPTION id="OH" label="Ohio"/>
						<WTOPTION id="OK" label="Oklahoma"/>
						<WTOPTION id="OR" label="Oregon"/>
						<WTOPTION id="PA" label="Pennsylvania"/>
						<WTOPTION id="RI" label="Rhode Island"/>
						<WTOPTION id="SC" label="South Carolina"/>
						<WTOPTION id="SD" label="South Dakota"/>
						<WTOPTION id="TN" label="Tennessee"/>
						<WTOPTION id="TX" label="Texas"/>
						<WTOPTION id="UT" label="Utah"/>
						<WTOPTION id="VT" label="Vermont"/>
						<WTOPTION id="VA" label="Virginia"/>
						<WTOPTION id="WA" label="Washington"/>
						<WTOPTION id="WD" label="Washington DC"/>
						<WTOPTION id="WV" label="West Virginia"/>
						<WTOPTION id="WI" label="Wisconsin"/>
						<WTOPTION id="WY" label="Wyoming"/>
						<WTOPTION id="AS" label="American Samoa"/>
						<WTOPTION id="GU" label="Guam"/>
						<WTOPTION id="MP" label="Northern Mariana Islands"/>
						<WTOPTION id="PR" label="Puerto Rico"/>
						<WTOPTION id="VI" label="Virgin Islands"/>
					</WTCOMBO>
				</WTROW>
				<WTROW id="Date1">
					<WTSTATIC col="1" tag="IssueDate"/>
					<WTTEXT col="2" value="ATTR(Govid.IssueDate)"/>
				</WTROW>
				<WTROW id="Date2">
					<WTSTATIC col="1" tag="ExpDate"/>
					<WTTEXT col="2" value="ATTR(Govid.ExpDate)"/>
				</WTROW>

				<WTROW margin-top="12" margin-bottom="18">
					<WTBUTTON col="1" merge="2" action="1" value="CONST(Add)" align="center">
						<WTCONDITION expr="IsActive"/>
						<WTCONDITION expr="PARAM(GovidID)" oper="equal" value="CONST(0)" connector="and"/>
					</WTBUTTON>
					<WTBUTTON col="1" merge="2" action="1" value="CONST(Update)" align="center">
						<WTCONDITION expr="IsActive"/>
						<WTCONDITION expr="PARAM(GovidID)" oper="not-equal" value="CONST(0)" connector="and"/>
					</WTBUTTON>
					<WTBUTTON col="1" action="3" value="CONST(Cancel)"/>
					<WTBUTTON col="1" action="4" value="CONST(Delete)" msg="ConfirmDelete">
						<WTCONDITION expr="IsActive"/>
						<WTCONDITION expr="PARAM(GovidID)" oper="not-equal" value="CONST(0)" connector="and"/>
					</WTBUTTON>
				</WTROW>

			</WTCONTENT>
		</WTWEBPAGE>

		<!--============================================================================================-->
		<WTWEBPAGE name="10911" caption="Govids" aspstyle="GenerateWebASP.xsl" xslstyle="GenerateWebXSLList.xsl" >
		<!--============================================================================================-->
			<WTPARAM name="MemberID" datatype="number"/>

			<WTACTION name="New" type="New" id="0">
				<WTOBJECT name="Govids" project="ptsGovidUser" class="CGovids">
					<WTMETHOD name="List">
						<WTPARAM name="MemberID" direction="input" value="PARAM(MemberID)"/>
					</WTMETHOD>
					<WTMETHOD name="XML">
						<WTPARAM name="xmlGovids" direction="return" concat="true" datatype="text"/>
						<WTPARAM name="Option" direction="input" value="CONST(13)"/>
					</WTMETHOD>
				</WTOBJECT>
			</WTACTION>

			<WTACTION id="3" name="Return" type="Cancel">
				<WTRETURN/>
			</WTACTION>

	 		<!--************************************************************************************-->
			<WTCONTENT>
				<WTCOLUMN width="300" align="left"/>
				<WTCOLUMN width="300" align="right"/>

				<WTROW>
					<WTSTATIC col="1" label="Govids" class="PageHeading" align="left"/>
					<WTSTATIC col="2" align="right" bold="true">
						<WTCODEGROUP>
							<WTIMAGE value="CONST(addnew.gif)" imgalign="absmiddle"/>
							<WTSTATIC space="1"/>
							<WTSTATIC label="NewGovid">
								<WTLINK name="10902">
									<WTPARAM name="MemberID" value="PARAM(MemberID)"/>
								</WTLINK>
							</WTSTATIC>
						</WTCODEGROUP>
					</WTSTATIC>
				</WTROW>
				<WTROW margin-bottom="6">
					<WTDIVIDER col="1" merge="2" height="1" color="SYS(headerdivider)"/>
				</WTROW>

				<WTSTATIC label="Edit"/>

				<WTROW>
					<WTRECORDSET col="1" merge="2" graybar="true" entity="Govid">
						<WTCOLUMN width="15" align="left" valign="top" label="GType"/>
						<WTCOLUMN width="40" align="left" valign="top" label="GNumber"/>
						<WTCOLUMN width="15" align="center" valign="top" label="Issuer"/>
						<WTCOLUMN width="15" align="center" valign="top" label="IssueDate"/>
						<WTCOLUMN width="15" align="center" valign="top" label="ExpDate"/>
						<WTROW>
							<WTSTATIC col="1">
								<WTSTATIC value="DATA(Govid.GType)"/>
								<WTCODEGROUP>
									<WTIMAGE value="CONST(Edit.gif)" alt="Edit" imgalign="absmiddle">
										<WTLINK name="10903"><WTPARAM name="GovidID" value="DATA(Govid.GovidID)"/></WTLINK>
									</WTIMAGE>
								</WTCODEGROUP>
							</WTSTATIC>
							<WTSTATIC col="2" value="DATA(Govid.GNumber)"/>
							<WTSTATIC col="3" value="DATA(Govid.Issuer)"/>
							<WTSTATIC col="4" value="DATA(Govid.IssueDate)"/>
							<WTSTATIC col="5" value="DATA(Govid.ExpDate)"/>
						</WTROW>
					</WTRECORDSET>
				</WTROW>

				<WTROW margin-top="12" margin-bottom="12">
					<WTBUTTON col="1" merge="2" action="3" value="CONST(Return)" align="center"/>
				</WTROW>

			</WTCONTENT>
		</WTWEBPAGE>
	</WTWEBPAGES>
</WTROOT>