<WTROOT prefix="pts" dbo="dbo" system="Pinnacle">
	<WTENTITY id="105" name="Inventory" alias="iv" audit="false">

		<!--Identity-->
		<WTATTRIBUTE id="10501" name="InventoryID" type="number" identity="true" title="true" min="1" required="true" source="entity"/>
	
		<!--Foreign Keys-->
		<WTATTRIBUTE id="10502" name="MemberID" type="number" source="entity"/>
		<WTATTRIBUTE id="10503" name="ProductID" type="number" source="entity"/>
		
		<!--Foreign Table Fields-->
		<WTATTRIBUTE id="10505" name="ProductName" type="text" length="40" source="join">
			<WTJOIN entity="Product" name="ProductName"/>
		</WTATTRIBUTE>
		<WTATTRIBUTE id="10506" name="ProductAttribute1" type="text" length="15" source="join">
			<WTJOIN entity="Product" name="Attribute1"/>
		</WTATTRIBUTE>
		<WTATTRIBUTE id="10507" name="ProductAttribute2" type="text" length="15" source="join">
			<WTJOIN entity="Product" name="Attribute2"/>
		</WTATTRIBUTE>
		<WTATTRIBUTE id="10508" name="ProductAttribute3" type="text" length="15" source="join">
			<WTJOIN entity="Product" name="Attribute3"/>
		</WTATTRIBUTE>

		<!--Attributes-->
		<WTATTRIBUTE id="10510" name="Attribute1" type="text" length="15" min="1" max="15" source="entity"/>
		<WTATTRIBUTE id="10511" name="Attribute2" type="text" length="15" min="1" max="15" source="entity"/>
		<WTATTRIBUTE id="10512" name="Attribute3" type="text" length="15" min="1" max="15" source="entity"/>
		<WTATTRIBUTE id="10513" name="InStock" type="number" source="entity"/>
		<WTATTRIBUTE id="10514" name="ReOrder" type="number" source="entity"/>

		<!--Indexes-->
		<WTINDEX name="Inventory">
			<WTATTRIBUTE name="MemberID"/>
			<WTATTRIBUTE name="ProductID"/>
			<WTATTRIBUTE name="Attribute1"/>
			<WTATTRIBUTE name="Attribute2"/>
			<WTATTRIBUTE name="Attribute3"/>
		</WTINDEX>

		<!--Relationships-->
		<WTRELATIONSHIPS>
			<WTRELATIONSHIP name="Inventory" entity="Inventory" alias="iv"/>
			<WTRELATIONSHIP name="Common" entity="Inventory" alias="iv">
				<WTENTITY name="Product" entity="Product" alias="pr">
					<WTATTRIBUTE alias="iv" name="ProductID" relalias="pr" relname="ProductID"/>
				</WTENTITY>
			</WTRELATIONSHIP>
		</WTRELATIONSHIPS>

	</WTENTITY>

	<WTPROCEDURES>
		<!--==================================================================================================================-->
		<WTPROCEDURE type="Add" name="Add" style="GenerateDataProc.xsl"/>
		<!--==================================================================================================================-->
		<WTPROCEDURE type="Delete" name="Delete" style="GenerateDataProc.xsl"/>
		<!--==================================================================================================================-->
		<WTPROCEDURE type="Fetch" name="Fetch" style="GenerateDataProc.xsl">
			<WTJOIN name="Common"/>
		</WTPROCEDURE>
		<!--==================================================================================================================-->
		<WTPROCEDURE type="Update" name="Update" style="GenerateDataProc.xsl"/>
		<!--==================================================================================================================-->
		<WTPROCEDURE type="List" name="ListInventory" style="GenerateDataProc.xsl" template="new" passthru="true" noedit="true">
			<WTPARAM name="ATTR(MemberID)" direction="input"/>
			<WTPARAM name="ATTR(ProductID)" direction="input"/>
			<WTCODEGROUP>
				<WTSELECT>
					<WTATTRIBUTE value="ATTR(Inventory.InventoryID)"/>
					<WTATTRIBUTE value="ATTR(Product.ProductName)"/>
					<WTATTRIBUTE value="ATTR(Inventory.Attribute1)"/>
					<WTATTRIBUTE value="ATTR(Inventory.Attribute2)"/>
					<WTATTRIBUTE value="ATTR(Inventory.Attribute3)"/>
					<WTATTRIBUTE value="ATTR(Inventory.InStock)"/>
					<WTATTRIBUTE value="ATTR(Inventory.ReOrder)"/>
					<WTJOIN name="Common"/>
					<WTCONDITION expr="ATTR(Inventory.MemberID)" oper="equal" value="PARAM(MemberID)"/>
					<WTCONDITION expr="ATTR(Inventory.ProductID)" oper="equal" value="PARAM(ProductID)" connector="and"/>
					<WTORDER name="ATTR(Inventory.Attribute1)"/>
					<WTORDER name="ATTR(Inventory.Attribute2)"/>
					<WTORDER name="ATTR(Inventory.Attribute3)"/>
				</WTSELECT>
			</WTCODEGROUP>
		</WTPROCEDURE>
	</WTPROCEDURES>

	<WTWEBPAGES>
		<!--==================================================================-->
		<WTWEBPAGE name="10502" caption="Add Inventory" navbar="false" header="false" footer="false" 
		 aspstyle="GenerateWebASP.xsl" xslstyle="GenerateWebXSLAdd.xsl">
		<!--==================================================================-->
			<WTPARAM name="MemberID" datatype="number"/>
			<WTPARAM name="ProductID" datatype="number"/>

			<WTACTION id="0" name="New" type="New">
				<WTOBJECT name="Inventory" project="ptsInventoryUser" class="CInventory">
					<WTMETHOD name="Load">
						<WTPARAM name="InventoryID" direction="input" value="CONST(0)"/>
						<WTPARAM name="SecurityToken" direction="input" value="SYS(userid)"/>
					</WTMETHOD>
					<WTMETHOD name="XML">
						<WTPARAM name="xmlInventory" direction="return" datatype="text"/>
						<WTPARAM name="Option" direction="input" value="CONST(2)"/>
					</WTMETHOD>
				</WTOBJECT>
				<WTOBJECT name="Product" project="ptsProductUser" class="CProduct">
					<WTMETHOD name="Load">
						<WTPARAM name="ProductID" direction="input" value="PARAM(ProductID)"/>
						<WTPARAM name="SecurityToken" direction="input" value="SYS(userid)"/>
					</WTMETHOD>
					<WTMETHOD name="XML">
						<WTPARAM name="xmlProduct" direction="return" datatype="text"/>
						<WTPARAM name="Option" direction="input" value="CONST(2)"/>
					</WTMETHOD>
				</WTOBJECT>
			</WTACTION>

			<WTACTION id="2" name="Add" type="Add">
				<WTOBJECT name="Inventory" project="ptsInventoryUser" class="CInventory">
					<WTMETHOD name="Load">
						<WTPARAM name="InventoryID" direction="input" value="CONST(0)"/>
						<WTPARAM name="SecurityToken" direction="input" value="SYS(userid)"/>
					</WTMETHOD>
					<WTSETATTRIBUTE name="ATTR(MemberID)" value="PARAM(MemberID)"/>
					<WTSETATTRIBUTE name="ATTR(ProductID)" value="PARAM(ProductID)"/>
					<WTSETATTRIBUTES/>
					<WTMETHOD name="Add">
						<WTPARAM name="InventoryID" direction="return" datatype="number"/>
						<WTPARAM name="SecurityToken" direction="input" value="SYS(userid)"/>
					</WTMETHOD>
					<WTMETHOD name="XML">
						<WTCONDITION expr="IsErrors"/>
						<WTPARAM name="xmlInventory" direction="return" datatype="text"/>
						<WTPARAM name="Option" direction="input" value="CONST(2)"/>
					</WTMETHOD>
				</WTOBJECT>
				<WTRETURN>
					<WTCONDITION expr="NoErrors"/>
				</WTRETURN>
			</WTACTION>

			<WTACTION id="3" name="Return" type="Return">
				<WTRETURN/>
			</WTACTION>

	 		<!--************************************************************************************-->
			<WTCONTENT>
				<WTCOLUMN width="140" align="right"/>
				<WTCOLUMN width="460" align="left"/>

				<WTROW>
					<WTSTATIC col="1" merge="2" class="PageHeading" align="left">
						<WTCODEGROUP><WTIMAGE value="CONST(inventory.gif)" imgalign="absmiddle"/></WTCODEGROUP>
						<WTSTATIC space="1"/>
						<WTSTATIC tag="NewInventory"/>
						<WTSTATIC value="ATTR(Product.ProductName)" bold="true"/>
					</WTSTATIC>
				</WTROW>

				<WTROW margin-top="3" margin-bottom="6">
					<WTDIVIDER col="1" merge="2" height="1" color="SYS(divider)"/>
				</WTROW>
				<WTROW>
					<WTCONDITION expr="ATTR(Product.Attribute1)" oper="not-equal" value="CONST('')"/>
					<WTSTATIC col="1" value="ATTR(Product.Attribute1)" space="2"/>
					<WTTEXT col="2" value="ATTR(Inventory.Attribute1)"/>
				</WTROW>
				<WTROW>
					<WTCONDITION expr="ATTR(Product.Attribute2)" oper="not-equal" value="CONST('')"/>
					<WTSTATIC col="1" value="ATTR(Product.Attribute2)" space="2"/>
					<WTTEXT col="2" value="ATTR(Inventory.Attribute2)"/>
				</WTROW>
				<WTROW>
					<WTCONDITION expr="ATTR(Product.Attribute3)" oper="not-equal" value="CONST('')"/>
					<WTSTATIC col="1" value="ATTR(Product.Attribute3)" space="2"/>
					<WTTEXT col="2" value="ATTR(Inventory.Attribute3)"/>
				</WTROW>
				<WTROW>
					<WTSTATIC col="1" tag="InStock"/>
					<WTTEXT col="2" value="ATTR(Inventory.InStock)"/>
				</WTROW>
				<WTROW>
					<WTSTATIC col="1" tag="ReOrder"/>
					<WTTEXT col="2" value="ATTR(Inventory.ReOrder)"/>
				</WTROW>

				<WTROW margin-top="12" margin-bottom="12">
					<WTBUTTON col="1" merge="2" action="2" value="CONST(Add)" align="center">
						<WTCONDITION expr="IsActive"/>
					</WTBUTTON>
					<WTBUTTON col="1" merge="2" action="3" value="CONST(Cancel)" align="center"/>
				</WTROW>

			</WTCONTENT>
		</WTWEBPAGE>

		<!--==================================================================-->
		<WTWEBPAGE name="10503" caption="Edit Inventory" navbar="false" header="false" footer="false" 
		aspstyle="GenerateWebASP.xsl" xslstyle="GenerateWebXSLItem.xsl">
		<!--==================================================================-->
			<WTPARAM name="InventoryID" datatype="number"/>

			<WTSUB name="LoadInventory">
				<WTOBJECT name="Inventory" project="ptsInventoryUser" class="CInventory">
					<WTMETHOD name="Load">
						<WTPARAM name="InventoryID" direction="input" value="PARAM(InventoryID)"/>
						<WTPARAM name="SecurityToken" direction="input" value="SYS(userid)"/>
					</WTMETHOD>
					<WTMETHOD name="XML">
						<WTPARAM name="xmlInventory" direction="return" datatype="text"/>
						<WTPARAM name="Option" direction="input" value="CONST(2)"/>
					</WTMETHOD>
				</WTOBJECT>
			</WTSUB>

			<WTACTION id="0" name="New" type="New">
				<WTCALLSUB name="LoadInventory"/>
			</WTACTION>

			<WTACTION id="1" name="Update" type="Update">
				<WTOBJECT name="Inventory" project="ptsInventoryUser" class="CInventory">
					<WTMETHOD name="Load">
						<WTPARAM name="InventoryID" direction="input" value="PARAM(InventoryID)"/>
						<WTPARAM name="SecurityToken" direction="input" value="SYS(userid)"/>
					</WTMETHOD>
					<WTSETATTRIBUTES/>
					<WTMETHOD name="Save">
						<WTPARAM name="SecurityToken" direction="input" value="SYS(userid)"/>
					</WTMETHOD>
					<WTMETHOD name="XML">
						<WTCONDITION expr="IsErrors"/>
						<WTPARAM name="xmlInventory" direction="return" datatype="text"/>
						<WTPARAM name="Option" direction="input" value="CONST(2)"/>
					</WTMETHOD>
				</WTOBJECT>
				<WTRETURN>
					<WTCONDITION expr="NoErrors"/>
				</WTRETURN>
			</WTACTION>

			<WTACTION id="4" name="Delete" type="Delete">
				<WTOBJECT name="Inventory" project="ptsInventoryUser" class="CInventory">
					<WTMETHOD name="Delete">
						<WTPARAM name="InventoryID" direction="input" value="PARAM(InventoryID)"/>
						<WTPARAM name="SecurityToken" direction="input" value="SYS(userid)"/>
					</WTMETHOD>
				</WTOBJECT>
				<WTOBJECT name="Inventory" project="ptsInventoryUser" class="CInventory">
					<WTCONDITION expr="IsErrors"/>
					<WTMETHOD name="Load">
						<WTPARAM name="InventoryID" direction="input" value="PARAM(InventoryID)"/>
						<WTPARAM name="SecurityToken" direction="input" value="SYS(userid)"/>
					</WTMETHOD>
					<WTMETHOD name="XML">
						<WTPARAM name="xmlInventory" direction="return" datatype="text"/>
						<WTPARAM name="Option" direction="input" value="CONST(2)"/>
					</WTMETHOD>
				</WTOBJECT>
				<WTRETURN>
					<WTCONDITION expr="NoErrors"/>
				</WTRETURN>
			</WTACTION>

			<WTACTION id="3" name="Return" type="Return">
				<WTRETURN/>
			</WTACTION>


	 		<!--************************************************************************************-->
			<WTCONTENT>
				<WTCOLUMN width="140" align="right"/>
				<WTCOLUMN width="460" align="left"/>

				<WTROW>
					<WTSTATIC col="1" merge="2" class="PageHeading" align="left">
						<WTCODEGROUP><WTIMAGE value="CONST(inventory.gif)" imgalign="absmiddle"/></WTCODEGROUP>
						<WTSTATIC space="1"/>
						<WTSTATIC tag="NewInventory"/>
						<WTSTATIC value="ATTR(Inventory.ProductName)" bold="true"/>
					</WTSTATIC>
				</WTROW>

				<WTROW margin-top="3" margin-bottom="6">
					<WTDIVIDER col="1" merge="2" height="1" color="SYS(divider)"/>
				</WTROW>
				<WTROW>
					<WTCONDITION expr="ATTR(Inventory.ProductAttribute1)" oper="not-equal" value="CONST('')"/>
					<WTSTATIC col="1" value="ATTR(Inventory.ProductAttribute1)" space="2"/>
					<WTTEXT col="2" value="ATTR(Inventory.Attribute1)"/>
				</WTROW>
				<WTROW>
					<WTCONDITION expr="ATTR(Inventory.ProductAttribute2)" oper="not-equal" value="CONST('')"/>
					<WTSTATIC col="1" value="ATTR(Inventory.ProductAttribute2)" space="2"/>
					<WTTEXT col="2" value="ATTR(Inventory.Attribute2)"/>
				</WTROW>
				<WTROW>
					<WTCONDITION expr="ATTR(Inventory.ProductAttribute3)" oper="not-equal" value="CONST('')"/>
					<WTSTATIC col="1" value="ATTR(Inventory.ProductAttribute3)" space="2"/>
					<WTTEXT col="2" value="ATTR(Inventory.Attribute3)"/>
				</WTROW>
				<WTROW>
					<WTSTATIC col="1" tag="InStock"/>
					<WTTEXT col="2" value="ATTR(Inventory.InStock)"/>
				</WTROW>
				<WTROW>
					<WTSTATIC col="1" tag="ReOrder"/>
					<WTTEXT col="2" value="ATTR(Inventory.ReOrder)"/>
				</WTROW>

				<WTROW margin-top="12" margin-bottom="12">
					<WTBUTTON col="1" merge="2" action="1" value="CONST(Update)" align="center">
						<WTCONDITION expr="IsActive"/>
					</WTBUTTON>
					<WTBUTTON col="1" merge="2" action="3" value="CONST(Cancel)" align="center"/>
					<WTBUTTON col="1" action="4" value="CONST(Delete)" msg="ConfirmDelete">
						<WTCONDITION expr="IsActive"/>
					</WTBUTTON>
				</WTROW>

			</WTCONTENT>
		</WTWEBPAGE>

		<!--============================================================================================-->
		<WTWEBPAGE name="10511" caption="Product Inventory" aspstyle="GenerateWebASP.xsl" xslstyle="GenerateWebXSLList.xsl">
		<!--============================================================================================-->
			<WTPARAM name="MemberID" datatype="number"/>
			<WTPARAM name="ProductID" datatype="number"/>

			<WTACTION name="New" type="New" id="0">
				<WTOBJECT name="Product" project="ptsProductUser" class="CProduct">
					<WTMETHOD name="Load">
						<WTPARAM name="ProductID" direction="input" value="PARAM(ProductID)"/>
						<WTPARAM name="SecurityToken" direction="input" value="SYS(userid)"/>
					</WTMETHOD>
					<WTMETHOD name="XML">
						<WTPARAM name="xmlProduct" direction="return" datatype="text"/>
						<WTPARAM name="Option" direction="input" value="CONST(2)"/>
					</WTMETHOD>
				</WTOBJECT>
				<WTOBJECT name="Inventorys" project="ptsInventoryUser" class="CInventorys">
					<WTMETHOD name="ListInventory">
						<WTPARAM name="MemberID" direction="input" value="PARAM(MemberID)"/>
						<WTPARAM name="ProductID" direction="input" value="PARAM(ProductID)"/>
					</WTMETHOD>
					<WTMETHOD name="XML">
						<WTPARAM name="xmlInventorys" direction="return" datatype="text"/>
						<WTPARAM name="Option" direction="input" value="CONST(13)"/>
					</WTMETHOD>
				</WTOBJECT>
			</WTACTION>

			<WTACTION id="3" name="Cancel" type="Cancel">
				<WTRETURN/>
			</WTACTION>

			<!--*******************************************************************-->
			<WTCONTENT>
				<WTCOLUMN width="600" align="left"/>

				<WTROW>
					<WTTABLE col="1">
						<WTCOLUMN width="300" align="left"/>
						<WTCOLUMN width="300" align="right"/>
						<WTROW>
							<WTSTATIC col="1" class="PageHeading">
								<WTCODEGROUP>
									<WTIMAGE value="CONST(Inventory32.gif)" imgalign="absmiddle"/>
								</WTCODEGROUP>
								<WTSTATIC space="1"/>
								<WTSTATIC tag="Inventorys"/>
								<WTSTATIC value="ATTR(Product.ProductName)"/>
							</WTSTATIC>
							<WTLINKGROUP col="2" align="right">
								<WTLINK name="10502" label="NewInventory">
									<WTPARAM name="MemberID" value="PARAM(MemberID)"/>
									<WTPARAM name="ProductID" value="PARAM(ProductID)"/>
								</WTLINK>
							</WTLINKGROUP>
						</WTROW>
					</WTTABLE>
				</WTROW>

				<WTROW margin-top="3" margin-bottom="6">
					<WTDIVIDER col="1" merge="2" height="1" color="SYS(divider)"/>
				</WTROW>

				<WTROW>
					<WTTABLE col="1">
						<WTCOLUMN width="144" align="left"/>
						<WTCOLUMN width="144" align="left"/>
						<WTCOLUMN width="144" align="left"/>
						<WTCOLUMN width="84" align="center"/>
						<WTCOLUMN width="84" align="center"/>
						<WTROW>
							<WTSTATIC col="1" value="ATTR(Product.Attribute1)" bold="true"/>
							<WTSTATIC col="2" value="ATTR(Product.Attribute2)" bold="true"/>
							<WTSTATIC col="3" value="ATTR(Product.Attribute3)" bold="true"/>
							<WTSTATIC col="4" label="InStock" bold="true"/>
							<WTSTATIC col="5" label="ReOrder" bold="true"/>
						</WTROW>
					</WTTABLE>
				</WTROW>
				
				<WTROW>
					<WTRECORDSET col="1" graybar="true" entity="Inventory">
						<WTCOLUMN width="24" align="left"/>
						<WTCOLUMN width="24" align="left"/>
						<WTCOLUMN width="24" align="left"/>
						<WTCOLUMN width="14" align="center"/>
						<WTCOLUMN width="14" align="center"/>
						<WTROW>
							<WTSTATIC col="1" value="DATA(Inventory.Attribute1)"/>
							<WTSTATIC col="2" value="DATA(Inventory.Attribute2)"/>
							<WTSTATIC col="3" value="DATA(Inventory.Attribute3)"/>
							<WTSTATIC col="4">
								<WTSTATIC value="DATA(Inventory.InStock)"/>
								<WTSTATIC space="1"/>
								<WTCODEGROUP>
									<WTIMAGE value="CONST(edit.gif)" valign="top" imgalign="absmiddle">
										<WTLINK name="10503"><WTPARAM name="InventoryID" value="DATA(Inventory.InventoryID)"/></WTLINK>
									</WTIMAGE>
								</WTCODEGROUP>
							</WTSTATIC>
							<WTSTATIC col="5" value="DATA(Inventory.ReOrder)"/>
						</WTROW>
					</WTRECORDSET>
				</WTROW>
				<WTROW margin-top="12" margin-bottom="12">
					<WTBUTTON col="1" action="3" value="CONST(Return)" align="center"/>
				</WTROW>

			</WTCONTENT>
		</WTWEBPAGE>

	</WTWEBPAGES>
</WTROOT>