<WTROOT prefix="pts" dbo="dbo" system="Pinnacle">
	<WTENTITY id="20" name="QuizChoice" alias="qc" language="false" audit="false">

		<!--Identity-->
		<WTATTRIBUTE id="2001" name="QuizChoiceID" type="number" identity="true" min="1" required="true" title="true" source="entity"/>

		<!--Foreign Keys-->
		<WTATTRIBUTE id="2002" name="QuizQuestionID" type="number" source="entity" parent="true"/>

		<!--Foreign Table Fields-->

		<!--Attributes-->
		<WTATTRIBUTE id="2010" name="QuizChoiceText" type="text" length="1000" min="1" max="1000" source="entity" />
		<WTATTRIBUTE id="2011" name="Seq" type="number" source="entity" seq="10"/>
		
		<!--Indexes-->
		<WTINDEX name="QuizQuestionID">
			<WTATTRIBUTE name="QuizQuestionID"/>
		</WTINDEX>

		<!--Relationships-->
		<WTRELATIONSHIPS>
			<WTRELATIONSHIP name="QuizChoice" entity="QuizChoice" alias="qc"/>
			<WTRELATIONSHIP name="Common" entity="QuizChoice" alias="qc"/>
			<WTRELATIONSHIP name="QuizQuestion" entity="QuizChoice" alias="qc">
				<WTENTITY name="QuizQuestion" entity="QuizQuestion" alias="qq">
					<WTATTRIBUTE alias="qc" name="QuizQuestionID" relalias="qq" relname="QuizQuestionID"/>
				</WTENTITY>
			</WTRELATIONSHIP>
		</WTRELATIONSHIPS>

		<!--Parent-->

		<!--List-->
		<WTENUM id="2" type="list"/>

	</WTENTITY>

	<WTPROCEDURES>
		<WTPROCEDURE type="Add" name="Add" style="GenerateDataProc.xsl"/>
		<WTPROCEDURE type="Delete" name="Delete" style="GenerateDataProc.xsl"/>
<!--	
		<WTPROCEDURE type="Enum" name="Enum" style="GenerateDataProc.xsl" column="QuizChoiceText" template="new" passthru="true">
			<WTPARAM name="ATTR(QuizQuestionID)" direction="input"/>
			<WTCODEGROUP>
				<WTSELECT>
					<WTATTRIBUTE alias="ID" value="ATTR(QuizChoice.QuizChoiceID)"/>
					<WTATTRIBUTE alias="Name" value="ATTR(QuizChoice.QuizChoiceText)"/>
					<WTJOIN name="QuizChoice"/>
					<WTCONDITION expr="ATTR(QuizQuestionID)" oper="equal" value="PARAM(QuizQuestionID)"/>
					<WTORDER name="ATTR(QuizChoice.Seq)"/>
				</WTSELECT>
			</WTCODEGROUP>
		</WTPROCEDURE>
		
		<WTPROCEDURE type="EnumXML" name="EnumQuizChoice" enumname="EnumUserQuizChoice" style="GenerateDataProc.xsl" nodata="true"/>
-->		
		<!--===================================================================================-->
		<WTPROCEDURE type="Enum" name="EnumUserQuizChoice" style="GenerateDataProc.xsl" column="QuizChoiceText" template="new" passthru="true">
		<!--===================================================================================-->
			<WTPARAM name="ATTR(QuizQuestionID)" direction="input"/>
			<WTPARAM name="SYS(security)" direction="input"/>
			<WTCODEGROUP>
				<WTSELECT>
					<WTATTRIBUTE alias="ID" value="ATTR(QuizChoice.QuizChoiceID)"/>
					<WTATTRIBUTE alias="Name" value="ATTR(QuizChoice.QuizChoiceText)"/>
					<WTJOIN name="QuizChoice"/>
					<WTCONDITION expr="ATTR(QuizQuestionID)" oper="equal" value="PARAM(QuizQuestionID)"/>
					<WTORDER name="ATTR(QuizChoice.Seq)"/>
				</WTSELECT>
			</WTCODEGROUP>
		</WTPROCEDURE>
		<WTPROCEDURE type="Fetch" name="Fetch" style="GenerateDataProc.xsl">
			<WTJOIN name="Common"/>
		</WTPROCEDURE>
		<WTPROCEDURE type="Update" name="Update" style="GenerateDataProc.xsl"/>
		<!--==================================================================-->
		<WTPROCEDURE type="List" name="ListQuizChoice" style="GenerateDataProc.xsl" template="new" passthru="true">
			<WTPARAM name="ATTR(QuizQuestionID)" direction="input"/>
			<WTPARAM name="SYS(userid)" direction="input"/>
			<WTCODEGROUP>
				<WTSELECT>
					<WTATTRIBUTE value="ATTR(QuizChoice.QuizChoiceID)"/>
					<WTATTRIBUTE value="ATTR(QuizChoice.QuizChoiceText)"/>
					<WTATTRIBUTE value="ATTR(QuizChoice.Seq)"/>
					
					<WTJOIN name="QuizChoice"/>
					<WTCONDITION expr="ATTR(QuizQuestionID)" oper="equal" value="PARAM(QuizQuestionID)"/>
					<WTORDER name="ATTR(QuizChoice.Seq)"/>
				</WTSELECT>
			</WTCODEGROUP>
		</WTPROCEDURE>
	</WTPROCEDURES>

	<WTWEBPAGES>
		<!--===============================================================================-->
		<WTWEBPAGE name="2002" caption="QuizChoice" aspstyle="GenerateWebASP.xsl" xslstyle="GenerateWebXSLItem.xsl" secured="52">
		<!--===============================================================================-->
			<WTPARAM name="QuizQuestionID" datatype="number"/>
			<WTPARAM name="CourseID" datatype="number"/>
			
			<WTACTION name="New" type="New" id="0">
				<WTOBJECT name="Course" project="ptsCourseUser" class="CCourse">
					<WTMETHOD name="Load">
						<WTPARAM name="CourseID" direction="input" value="PARAM(CourseID)"/>
						<WTPARAM name="SecurityToken" direction="input" value="SYS(userid)"/>
					</WTMETHOD>
					<WTSETATTRIBUTE name="CONST(tmpTrainerID)" value="ATTR(Course.TrainerID)"/>
				</WTOBJECT>
				<WTOBJECT name="QuizChoice" project="ptsQuizChoiceUser" class="CQuizChoice">
					<WTCONDITION expr="IsTrainer"/>
					<WTCONDITION expr="IsEmployee" connector="or"/>
					<WTCONDITION expr="IsOrgAdminOnly" connector="or"/>
					<WTCONDITION expr="IsOrgManagerOnly" connector="or"/>
					<WTMETHOD name="Load">
						<WTPARAM name="QuizChoiceID" direction="input" value="CONST(0)"/>
						<WTPARAM name="SecurityToken" direction="input" value="SYS(userid)"/>
					</WTMETHOD>
					<WTSETATTRIBUTE name="ATTR(QuizQuestionID)" value="PARAM(QuizQuestionID)"/>
					<WTMETHOD name="XML">
						<WTPARAM name="xmlQuizChoice" direction="return" datatype="text"/>
					</WTMETHOD>
				</WTOBJECT>
<!--
				<WTRETURN>
					<WTCONDITION expr="CONST(CLng(tmpTrainerID))" oper="not-equal" value="SYS(customerid)"/>
					<WTCONDITION expr="NotEmployee" connector="and"/>
				</WTRETURN>
-->
			</WTACTION>
			
			<WTACTION name="Add" type="Add" id="1">
				<WTOBJECT name="QuizChoice" project="ptsQuizChoiceUser" class="CQuizChoice">
					<WTMETHOD name="Load">
						<WTPARAM name="QuizChoiceID" direction="input" value="CONST(0)"/>
						<WTPARAM name="SecurityToken" direction="input" value="SYS(userid)"/>
					</WTMETHOD>
					<WTSETATTRIBUTES/>
					<WTSETATTRIBUTE name="ATTR(QuizQuestionID)" value="PARAM(QuizQuestionID)"/>
					<WTMETHOD name="Add">
						<WTPARAM name="QuizChoiceID" direction="return" datatype="number"/>
						<WTPARAM name="SecurityToken" direction="input" value="SYS(userid)"/>
					</WTMETHOD>
					<WTMETHOD name="XML">
						<WTCONDITION expr="IsErrors"/>
						<WTPARAM name="xmlQuizChoices" direction="return" datatype="text"/>
					</WTMETHOD>
				</WTOBJECT>
				
				<WTRETURN>
					<WTCONDITION expr="NoErrors"/>
				</WTRETURN>
			</WTACTION>

			<WTACTION id="3" name="Cancel" type="Cancel">
				<WTRETURN/>
			</WTACTION>

	 		<!--************************************************************************************-->
			<WTCONTENT>
				<WTCOLUMN width="160" align="right"/>
				<WTCOLUMN width="440" align="left"/>

				<WTROW>
					<WTSTATIC col="1" merge="2" label="QuizChoice" class="PageHeading" align="left"/>
				</WTROW>

				<WTROW margin-bottom="12">
					<WTDIVIDER col="1" merge="2" height="1" color="SYS(headerdivider)"/>
				</WTROW>
				<WTROW>
					<WTSTATIC col="1" merge="2" align="left" tag="QuizChoiceText" valign="top"/>
				</WTROW>
				<WTROW margin-bottom="12">
					<WTMEMO col="1" merge="2" value="ATTR(QuizChoice.QuizChoiceText)" rows="2" cols="72"/>
				</WTROW>
				<WTROW >
					<WTSTATIC col="1" tag="Seq"/>
					<WTTEXT col="2" value="ATTR(QuizChoice.Seq)" size="2"/>
				</WTROW>
			
				<WTROW margin-top="12" margin-bottom="12">
					<WTBUTTON col="1" merge="2" action="1" value="CONST(Add)" align="center"/>
					<WTBUTTON col="1" merge="2" action="3" value="CONST(Return)" align="center"/>
				</WTROW>
				
			</WTCONTENT>
		</WTWEBPAGE>
		<!--===============================================================================-->
		<WTWEBPAGE name="2003" caption="QuizChoice" aspstyle="GenerateWebASP.xsl" xslstyle="GenerateWebXSLItem.xsl" secured="52">
		<!--===============================================================================-->
			<WTPARAM name="QuizChoiceID" datatype="number"/>
			<WTPARAM name="CourseID" datatype="number"/>
			
			<WTACTION name="New" type="New" id="0">
				<WTOBJECT name="Course" project="ptsCourseUser" class="CCourse">
					<WTMETHOD name="Load">
						<WTPARAM name="CourseID" direction="input" value="PARAM(CourseID)"/>
						<WTPARAM name="SecurityToken" direction="input" value="SYS(userid)"/>
					</WTMETHOD>
					<WTSETATTRIBUTE name="CONST(tmpTrainerID)" value="ATTR(Course.TrainerID)"/>
				</WTOBJECT>
				<WTOBJECT name="QuizChoice" project="ptsQuizChoiceUser" class="CQuizChoice">
					<WTCONDITION expr="IsTrainer"/>
					<WTCONDITION expr="IsEmployee" connector="or"/>
					<WTCONDITION expr="IsOrgAdminOnly" connector="or"/>
					<WTCONDITION expr="IsOrgManagerOnly" connector="or"/>
					<WTMETHOD name="Load">
						<WTPARAM name="QuizChoiceID" direction="input" value="PARAM(QuizChoiceID)"/>
						<WTPARAM name="SecurityToken" direction="input" value="SYS(userid)"/>
					</WTMETHOD>
					<WTMETHOD name="XML">
						<WTPARAM name="xmlQuizChoice" direction="return" datatype="text"/>
					</WTMETHOD>
				</WTOBJECT>
<!--
				<WTRETURN>
					<WTCONDITION expr="CONST(CLng(tmpTrainerID))" oper="not-equal" value="SYS(customerid)"/>
					<WTCONDITION expr="NotEmployee" connector="and"/>
				</WTRETURN>
-->
			</WTACTION>
			
			<WTACTION name="Update" type="Update" id="1">
				<WTOBJECT name="QuizChoice" project="ptsQuizChoiceUser" class="CQuizChoice">
					<WTMETHOD name="Load">
						<WTPARAM name="QuizChoiceID" direction="input" value="PARAM(QuizChoiceID)"/>
						<WTPARAM name="SecurityToken" direction="input" value="SYS(userid)"/>
					</WTMETHOD>
					<WTSETATTRIBUTES/>
					<WTMETHOD name="Save">
						<WTPARAM name="SecurityToken" direction="input" value="SYS(userid)"/>
					</WTMETHOD>
					<WTMETHOD name="XML">
						<WTCONDITION expr="IsErrors"/>
						<WTPARAM name="xmlQuizChoices" direction="return" datatype="text"/>
					</WTMETHOD>
				</WTOBJECT>
				<WTRETURN>
					<WTCONDITION expr="NoErrors"/>
				</WTRETURN>
			</WTACTION>

			<WTACTION id="3" name="Cancel" type="Cancel">
				<WTRETURN/>
			</WTACTION>

			<WTACTION id="4" name="Delete" type="Delete">
				<WTOBJECT name="QuizChoice" project="ptsQuizChoiceUser" class="CQuizChoice">
					<WTMETHOD name="Delete">
						<WTPARAM name="QuizChoiceID" direction="input" value="PARAM(QuizChoiceID)"/>
						<WTPARAM name="SecurityToken" direction="input" value="SYS(userid)"/>
					</WTMETHOD>
				</WTOBJECT>
				<WTOBJECT name="QuizChoice" project="ptsQuizChoiceUser" class="CQuizChoice">
					<WTCONDITION expr="IsErrors"/>
					<WTMETHOD name="Load">
						<WTPARAM name="QuizChoiceID" direction="input" value="PARAM(QuizChoiceID)"/>
						<WTPARAM name="SecurityToken" direction="input" value="SYS(userid)"/>
					</WTMETHOD>
					<WTMETHOD name="XML">
						<WTPARAM name="xmlQuizChoice" direction="return" datatype="text"/>
					</WTMETHOD>
				</WTOBJECT>
				<WTRETURN>
					<WTCONDITION expr="NoErrors"/>
				</WTRETURN>
			</WTACTION>

	 		<!--************************************************************************************-->
			<WTCONTENT>
				<WTCOLUMN width="160" align="right"/>
				<WTCOLUMN width="440" align="left"/>

				<WTROW>
					<WTSTATIC col="1" merge="2" label="QuizChoice" class="PageHeading" align="left"/>
				</WTROW>

				<WTROW margin-bottom="12">
					<WTDIVIDER col="1" merge="2" height="1" color="SYS(headerdivider)"/>
				</WTROW>
				<WTROW>
					<WTSTATIC col="1" merge="2" align="left" tag="QuizChoiceText" valign="top"/>
				</WTROW>
				<WTROW margin-bottom="12">
					<WTMEMO col="1" merge="2" value="ATTR(QuizChoice.QuizChoiceText)" rows="2" cols="72"/>
				</WTROW>
				<WTROW >
					<WTSTATIC col="1" tag="Seq"/>
					<WTTEXT col="2" value="ATTR(QuizChoice.Seq)" size="2"/>
				</WTROW>
			
				<WTROW margin-top="12" margin-bottom="12">
					<WTBUTTON col="1" merge="2" action="1" value="CONST(Update)" align="center">
						<WTCONDITION expr="IsActive"/>
					</WTBUTTON>
					<WTBUTTON col="1" merge="2" action="3" value="CONST(Return)" align="center"/>
					<WTBUTTON col="1" merge="2" action="4" value="CONST(Delete)" msg="ConfirmDelete" align="center">
						<WTCONDITION expr="IsActive"/>
					</WTBUTTON>
				</WTROW>
				
			</WTCONTENT>
		</WTWEBPAGE>
	</WTWEBPAGES>

</WTROOT>