<WTROOT prefix="pts" system="Pinnacle">
	<WTENTITY id="167" name="SalesArea" alias="sla" translate="false">

		<!--Identity-->
		<WTATTRIBUTE id="16701" name="SalesAreaID" type="number" identity="true" min="1" required="true" source="entity"/>

    <!--Foreign Keys-->
    <WTATTRIBUTE id="16702" name="ParentID" type="number" source="entity"/>
    <WTATTRIBUTE id="16703" name="MemberID" type="number" source="entity"/>

    <!--Foreign Table Fields-->
    <WTATTRIBUTE id="16705" name="NameLast" type="text" length="30" source="join">
      <WTJOIN entity="Member" name="NameLast"/>
    </WTATTRIBUTE>
    <WTATTRIBUTE id="16706" name="NameFirst" type="text" length="30" source="join">
      <WTJOIN entity="Member" name="NameFirst"/>
    </WTATTRIBUTE>
    <WTATTRIBUTE id="16707" name="MemberName" type="text" length="61" min="1" max="61" source="entity">
      <WTCOMPUTE name="NameFirst"/>
      <WTCOMPUTE text=" "/>
      <WTCOMPUTE name="NameLast"/>
    </WTATTRIBUTE>

    <!--Attributes-->
    <WTATTRIBUTE id="16710" name="SalesAreaName" type="text" length="40" title="true" source="entity" language="false"/>
    <WTATTRIBUTE id="16711" name="Status" type="number" source="entity">
      <WTENUM id="1" name="Phase1"/>
      <WTENUM id="2" name="Phase2"/>
      <WTENUM id="3" name="Open"/>
      <WTENUM id="4" name="Closed"/>
    </WTATTRIBUTE>
    <WTATTRIBUTE id="16712" name="StatusDate" type="date" source="entity"/>
    <WTATTRIBUTE id="16713" name="Level" type="number" source="entity">
      <WTENUM id="1" name="Level1"/>
      <WTENUM id="2" name="Level2"/>
      <WTENUM id="3" name="Level3"/>
    </WTATTRIBUTE>
    <WTATTRIBUTE id="16714" name="Density" type="number" source="entity"/>

    <!-- Non Persist Fields -->

    <WTRELATIONSHIPS>
			<WTRELATIONSHIP name="SalesArea" entity="SalesArea" alias="sla"/>
      <WTRELATIONSHIP name="Common" entity="SalesArea" alias="sla">
        <WTENTITY name="Member" entity="Member" alias="me">
          <WTATTRIBUTE alias="sla" name="MemberID" relalias="me" relname="MemberID"/>
        </WTENTITY>
      </WTRELATIONSHIP>
    </WTRELATIONSHIPS>

	</WTENTITY>

	<WTPROCEDURES>
		<WTPROCEDURE type="Add" name="Add" style="GenerateDataProc.xsl"/>
		<WTPROCEDURE type="Delete" name="Delete" style="GenerateDataProc.xsl"/>
    <WTPROCEDURE type="Fetch" name="Fetch" style="GenerateDataProc.xsl">
      <WTJOIN name="Common"/>
    </WTPROCEDURE>
		<WTPROCEDURE type="Update" name="Update" style="GenerateDataProc.xsl"/>
		<!--===================================================================================-->
		<WTPROCEDURE type="List" name="List" style="GenerateDataProc.xsl" template="new" passthru="true">
      <WTPARAM name="ATTR(ParentID)" direction="input" required="false" passthru="true"/>
      <WTCODEGROUP>
				<WTSELECT>
					<WTATTRIBUTE value="ATTR(SalesArea.SalesAreaID)"/>
          <WTATTRIBUTE value="ATTR(SalesArea.ParentID)"/>
          <WTATTRIBUTE value="ATTR(SalesArea.MemberID)"/>
          <WTATTRIBUTE value="ATTR(Member.MemberName)" alias="MemberName"/>
          <WTATTRIBUTE value="ATTR(SalesArea.SalesAreaName)"/>
          <WTATTRIBUTE value="ATTR(SalesArea.Status)"/>
          <WTATTRIBUTE value="ATTR(SalesArea.StatusDate)"/>
          <WTATTRIBUTE value="ATTR(SalesArea.Level)"/>
          <WTATTRIBUTE value="ATTR(SalesArea.Density)"/>
          <WTJOIN name="Common"/>
          <WTCONDITION expr="ATTR(ParentID)" oper="equal" value="PARAM(ParentID)"/>
          <WTORDER name="ATTR(SalesArea.SalesAreaName)"/>
        </WTSELECT>
			</WTCODEGROUP>
		</WTPROCEDURE>
  </WTPROCEDURES>

	<WTWEBPAGES>
		<!--============================================================================================-->
		<WTWEBPAGE name="16703" caption="SalesArea" header="false" footer="false" navbar="false"  wrapper="wrapper600"
				   aspstyle="GenerateWebASP.xsl" xslstyle="GenerateWebXSLItem.xsl" secured="52">
		<!--============================================================================================-->
      <WTPARAM name="SalesAreaID" datatype="number"/>
      <WTPARAM name="ParentID" datatype="number"/>

      <WTACTION id="0" name="New" type="New">
				<WTOBJECT name="SalesArea" project="ptsSalesAreaUser" class="CSalesArea">
          <WTCONDITION expr="PARAM(ParentID)" oper="not-equal" value="CONST(0)"/>
          <WTMETHOD name="Load">
            <WTPARAM name="SalesAreaID" direction="input" value="PARAM(ParentID)"/>
            <WTPARAM name="SecurityToken" direction="input" value="SYS(userid)"/>
          </WTMETHOD>
          <WTSETATTRIBUTE name="CONST(tmpDensity)" value="ATTR(Density)"/>
          <WTSETATTRIBUTE name="CONST(tmpLevel)" value="ATTR(Level)"/>
				</WTOBJECT>
        <WTOBJECT name="SalesArea" project="ptsSalesAreaUser" class="CSalesArea">
          <WTMETHOD name="Load">
            <WTPARAM name="SalesAreaID" direction="input" value="PARAM(SalesAreaID)"/>
            <WTPARAM name="SecurityToken" direction="input" value="SYS(userid)"/>
          </WTMETHOD>
          <WTCODEGROUP>
            <WTCONDITION expr="PARAM(SalesAreaID)" oper="equal" value="CONST(0)"/>
            <WTSETATTRIBUTE name="ATTR(ParentID)" value="PARAM(ParentID)"/>
            <WTSETATTRIBUTE name="ATTR(Status)" value="CONST(1)"/>
            <WTSETATTRIBUTE name="ATTR(StatusDate)" value="SYS(Date)"/>
            <WTSETATTRIBUTE name="ATTR(Level)" value="CONST(tmpLevel + 1)"/>
            <WTSETATTRIBUTE name="ATTR(Density)" value="CONST(tmpDensity)"/>
          </WTCODEGROUP>
          <WTMETHOD name="XML">
            <WTPARAM name="xmlSalesArea" direction="return" datatype="text"/>
            <WTPARAM name="Option" direction="input" value="CONST(2)"/>
          </WTMETHOD>
        </WTOBJECT>
      </WTACTION>

			<WTACTION id="1" name="Update" type="Update">
				<WTOBJECT name="SalesArea" project="ptsSalesAreaUser" class="CSalesArea">
					<WTMETHOD name="Load">
						<WTPARAM name="SalesAreaID" direction="input" value="PARAM(SalesAreaID)"/>
						<WTPARAM name="SecurityToken" direction="input" value="SYS(userid)"/>
					</WTMETHOD>
					<WTSETATTRIBUTES/>
					<WTMETHOD name="Save">
						<WTPARAM name="SecurityToken" direction="input" value="SYS(userid)"/>
					</WTMETHOD>
					<WTMETHOD name="XML">
						<WTCONDITION expr="IsErrors"/>
						<WTPARAM name="xmlSalesArea" direction="return" datatype="text"/>
						<WTPARAM name="Option" direction="input" value="CONST(2)"/>
					</WTMETHOD>
				</WTOBJECT>
				<WTRETURN>
					<WTCONDITION expr="NoErrors"/>
				</WTRETURN>
			</WTACTION>

      <WTACTION id="2" name="Add" type="Add">
        <WTOBJECT name="SalesArea" project="ptsSalesAreaUser" class="CSalesArea">
          <WTMETHOD name="Load">
            <WTPARAM name="SalesAreaID" direction="input" value="CONST(0)"/>
            <WTPARAM name="SecurityToken" direction="input" value="SYS(userid)"/>
          </WTMETHOD>
          <WTSETATTRIBUTES/>
          <WTMETHOD name="Add">
            <WTPARAM name="SalesAreaID" direction="return" datatype="number"/>
            <WTPARAM name="SecurityToken" direction="input" value="SYS(userid)"/>
          </WTMETHOD>
          <WTMETHOD name="XML">
            <WTCONDITION expr="IsErrors"/>
            <WTPARAM name="xmlSalesArea" direction="return" datatype="text"/>
            <WTPARAM name="Option" direction="input" value="CONST(2)"/>
          </WTMETHOD>
        </WTOBJECT>
        <WTRETURN>
          <WTCONDITION expr="NoErrors"/>
        </WTRETURN>
      </WTACTION>
      
      <WTACTION id="3" name="Cancel" type="Cancel">
				<WTRETURN/>
			</WTACTION>

			<WTACTION id="4" name="Delete" type="Delete">
				<WTOBJECT name="SalesArea" project="ptsSalesAreaUser" class="CSalesArea">
					<WTMETHOD name="Delete">
						<WTPARAM name="SalesAreaID" direction="input" value="PARAM(SalesAreaID)"/>
						<WTPARAM name="SecurityToken" direction="input" value="SYS(userid)"/>
					</WTMETHOD>
				</WTOBJECT>
				<WTOBJECT name="SalesArea" project="ptsSalesAreaUser" class="CSalesArea">
					<WTCONDITION expr="IsErrors"/>
					<WTMETHOD name="Load">
						<WTPARAM name="SalesAreaID" direction="input" value="PARAM(SalesAreaID)"/>
						<WTPARAM name="SecurityToken" direction="input" value="SYS(userid)"/>
					</WTMETHOD>
					<WTMETHOD name="XML">
						<WTPARAM name="xmlSalesArea" direction="return" datatype="text"/>
						<WTPARAM name="Option" direction="input" value="CONST(2)"/>
					</WTMETHOD>
				</WTOBJECT>
				<WTRETURN>
					<WTCONDITION expr="NoErrors"/>
				</WTRETURN>
			</WTACTION>

	 		<!--************************************************************************************-->
			<WTCONTENT>
				<WTCOLUMN width="160" align="right"/>
				<WTCOLUMN width="440" align="left"/>

        <WTROW>
          <WTCONDITION expr="PARAM(SalesAreaID)" oper="equal" value="CONST(0)"/>
          <WTSTATIC col="1" merge="2" label="NewSalesArea" class="PageHeading" align="left"/>
        </WTROW>
        <WTROW margin-bottom="12">
          <WTCONDITION expr="PARAM(SalesAreaID)" oper="not-equal" value="CONST(0)"/>
          <WTSTATIC col="1" merge="2" tag="SalesArea" value="ATTR(SalesArea.SalesAreaName)" class="PageHeading" align="left"/>
        </WTROW>

        <WTCODEGROUP>
          <WTCONDITION expr="IsEmployee"/>
          <WTCONDITION expr="IsOrgAdminOnly" connector="or"/>
          <WTROW margin-bottom="3">
            <WTSTATIC col="1" tag="ParentID"/>
            <WTTEXT col="2" value="ATTR(SalesArea.ParentID)" size="3"/>
          </WTROW>
          <WTROW margin-bottom="3">
            <WTSTATIC col="1" tag="MemberID"/>
            <WTTEXT col="2" value="ATTR(SalesArea.MemberID)" size="3"/>
            <WTSTATIC col="2" value="ATTR(MemberName)"/>
          </WTROW>
        </WTCODEGROUP>
        <WTCODEGROUP>
          <WTCONDITION expr="NotEmployee"/>
          <WTCONDITION expr="NotOrgAdminOnly" connector="and"/>
          <WTROW margin-bottom="3">
            <WTHIDDEN value="ATTR(SalesArea.ParentID)"/>
            <WTHIDDEN value="ATTR(SalesArea.MemberID)"/>
          </WTROW>
          <WTROW margin-bottom="3">
            <WTSTATIC col="1" tag="MemberName"/>
            <WTSTATIC col="2" value="ATTR(MemberName)"/>
          </WTROW>
        </WTCODEGROUP>

        <WTROW margin-bottom="3">
          <WTSTATIC col="1" tag="SalesAreaName"/>
          <WTTEXT col="2" value="ATTR(SalesArea.SalesAreaName)"/>
        </WTROW>
        <WTROW margin-bottom="3">
          <WTSTATIC col="1" tag="Status"/>
          <WTCOMBO col="2" value="ATTR(SalesArea.Status)"/>
          <WTTEXT col="2" value="ATTR(SalesArea.StatusDate)"/>
        </WTROW>
        <WTROW margin-bottom="3">
          <WTSTATIC col="1" tag="Level"/>
          <WTCOMBO col="2" value="ATTR(SalesArea.Level)"/>
          <WTSTATIC col="2" tag="Density"/>
          <WTTEXT col="2" value="ATTR(SalesArea.Density)" size="2" prespace="false"/>
          <WTSTATIC col="2" label="%"/>
        </WTROW>

        <WTROW margin-top="12" margin-bottom="12">
          <WTCONDITION expr="PARAM(SalesAreaID)" oper="equal" value="CONST(0)"/>
          <WTBUTTON col="1" merge="2" action="2" value="CONST(Add)" align="center"/>
          <WTBUTTON col="1" merge="2" action="3" value="CONST(Cancel)"/>
        </WTROW>

        <WTROW margin-top="12" margin-bottom="12">
          <WTCONDITION expr="PARAM(SalesAreaID)" oper="not-equal" value="CONST(0)"/>
					<WTBUTTON col="1" merge="2" action="1" value="CONST(Update)" align="center"/>
					<WTBUTTON col="1" merge="2" action="3" value="CONST(Cancel)"/>
					<WTBUTTON col="1" merge="2" action="4" value="CONST(Delete)" msg="ConfirmDelete"/>
				</WTROW>

			</WTCONTENT>
		</WTWEBPAGE>

      <!--============================================================================================-->
		<WTWEBPAGE name="16711" caption="SalesAreas" header="false" footer="false" navbar="false" wrapper="wrapper1000"
				   aspstyle="GenerateWebASP.xsl" xslstyle="GenerateWebXSLList.xsl" secured="52">
		<!--============================================================================================-->
      <WTPARAM name="ParentID" datatype="number"/>

      <WTSUB name="LoadSalesAreas">
        <WTOBJECT name="SalesArea" project="ptsSalesAreaUser" class="CSalesArea">
          <WTCONDITION expr="PARAM(ParentID)" oper="not-equal" value="CONST(0)"/>
          <WTMETHOD name="Load">
            <WTPARAM name="SalesAreaID" direction="input" value="PARAM(ParentID)"/>
            <WTPARAM name="SecurityToken" direction="input" value="SYS(userid)"/>
          </WTMETHOD>
          <WTMETHOD name="XML">
            <WTPARAM name="xmlSalesArea" direction="return" datatype="text"/>
            <WTPARAM name="Option" direction="input" value="CONST(2)"/>
          </WTMETHOD>
        </WTOBJECT>
        <WTOBJECT name="SalesAreas" project="ptsSalesAreaUser" class="CSalesAreas">
          <WTMETHOD name="List">
            <WTPARAM name="ParentID" direction="input" value="PARAM(ParentID)"/>
          </WTMETHOD>
          <WTMETHOD name="XML">
            <WTPARAM name="xmlSalesAreas" direction="return" datatype="text"/>
            <WTPARAM name="Option" direction="input" value="CONST(13)"/>
          </WTMETHOD>
        </WTOBJECT>
      </WTSUB>

      <WTACTION name="New" type="New" id="0">
        <WTCALLSUB name="LoadSalesAreas"/>
      </WTACTION>
      
      <!--************************************************************************************-->
			<WTCONTENT>
				<WTCOLUMN width="1000" align="left"/>

        <WTFUNCTION name="NewSalesArea()">
          var pid = document.getElementById('ParentID').value
          var url = "16703.asp?parentid=" + pid
          window.location = url + "&amp;returnurl=16711.asp?parentid=" + pid
        </WTFUNCTION>

        <WTFUNCTION name="ListSalesArea(id)">
          var url = "16711.asp?parentid=" + id
          window.open( url );
        </WTFUNCTION>

        <WTROW>
          <WTHIDDEN value="PARAM(ParentID)"/>
        </WTROW>

        <WTROW margin-bottom="12">
          <WTSTATIC col="1" tag="SalesArea" class="PageHeading">
            <WTSTATIC label="Corporate">
              <WTCONDITION expr="PARAM(ParentID)" oper="equal" value="CONST(0)"/>
            </WTSTATIC>
            <WTSTATIC value="ATTR(SalesArea.SalesAreaName)">
              <WTCONDITION expr="PARAM(ParentID)" oper="not-equal" value="CONST(0)"/>
            </WTSTATIC>
          </WTSTATIC>
        </WTROW>

        <WTROW margin-bottom="12">
					<WTRECORDSET col="1" graybar="true" entity="SalesArea">
            <WTCOLUMN width="30" align="left" label="SalesAreaName"/>
            <WTCOLUMN width="30" align="left" label="MemberName"/>
            <WTCOLUMN width="10" align="left" label="Status"/>
            <WTCOLUMN width="10" align="left" label="StatusDate"/>
            <WTCOLUMN width="10" align="center" label="Level"/>
            <WTCOLUMN width="10" align="center" label="Density"/>

            <WTROW height="24">
              <WTSTATIC col="1">
                <WTSTATIC value="DATA(SalesAreaName)"/>
                <WTCODEGROUP>
                  <WTCONDITION expr="IsEmployee"/>
                  <WTCONDITION expr="IsOrgAdminOnly" connector="or"/>
                  <WTCONDITION expr="IsOrgManagerOnly" connector="or"/>
                  <WTSTATIC space="1"/>
                  <WTIMAGE value="CONST(Edit.gif)" imgalign="absmiddle">
                    <WTLINK name="16703">
                      <WTPARAM name="SalesAreaID" value="DATA(SalesAreaID)"/>
                    </WTLINK>
                  </WTIMAGE>
                  <WTSTATIC space="1"/>
                  <WTCODEGROUP>
                    <WTCONDITION expr="DATA(Level)" oper="less" value="CONST(3)"/>
                    <WTIMAGE value="CONST(preview.gif)" alt="performance" imgalign="absmiddle">
                      <WTLINK name="ListSalesArea(&lt;xsl:value-of select=&quot;@salesareaid&quot;/&gt;)" click="true" />
                    </WTIMAGE>
                  </WTCODEGROUP>
                </WTCODEGROUP>
              </WTSTATIC>
              <WTSTATIC col="2" value="DATA(MemberName)"/>
              <WTSTATIC col="3" value="DATA(Status)"/>
              <WTSTATIC col="4" value="DATA(Status)"/>
              <WTSTATIC col="5" value="DATA(Level)"/>
              <WTSTATIC col="6" value="DATA(Density)"/>
            </WTROW>
          </WTRECORDSET>
				</WTROW>

        <WTROW margin-top="12" margin-bottom="12">
          <WTCONDITION expr="PARAM(ParentID)" oper="equal" value="CONST(0)"/>
          <WTCONDITION expr="ATTR(SalesArea.Level)" oper="not-equal" value="CONST(3)" connector="or"/>
          <WTBUTTON col="1" value="CONST(NewSalesArea)" align="center">
            <WTCONDITION expr="IsEmployee"/>
            <WTCONDITION expr="IsOrgAdminOnly" connector="or"/>
            <WTCONDITION expr="IsOrgManagerOnly" connector="or"/>
            <WTCLICK>NewSalesArea()</WTCLICK>
          </WTBUTTON>
          <WTBUTTON col="1" value="CONST(Close)" align="center">
            <WTCLICK>window.close()</WTCLICK>
          </WTBUTTON>
        </WTROW>
        
        <WTROW margin-top="12" margin-bottom="12">
          <WTCONDITION expr="PARAM(ParentID)" oper="not-equal" value="CONST(0)"/>
          <WTCONDITION expr="ATTR(SalesArea.Level)" oper="equal" value="CONST(3)" connector="and"/>
          <WTBUTTON col="1" value="CONST(Close)" align="center">
            <WTCLICK>window.close()</WTCLICK>
          </WTBUTTON>
        </WTROW>

      </WTCONTENT>
		</WTWEBPAGE>
	</WTWEBPAGES>
</WTROOT>