<WTROOT prefix="pts" system="Pinnacle">
	<WTENTITY id="56" name="Title" alias="ti" translate="false">

		<!--Identity-->
		<WTATTRIBUTE id="5601" name="TitleID" type="number" identity="true" min="1" required="true" source="entity"/>
		<WTATTRIBUTE id="5602" name="CompanyID" type="number" required="true" source="entity"/>

		<!--Attributes-->
		<WTATTRIBUTE id="5603" name="TitleName" type="text" length="40" min="1" max="40" required="true" title="true" source="entity"/>
		<WTATTRIBUTE id="5604" name="TitleNo" type="number" source="entity"/>

		<WTINDEX name="CompanyID">
			<WTATTRIBUTE name="CompanyID"/>
			<WTATTRIBUTE name="TitleNo"/>
		</WTINDEX>

		<WTRELATIONSHIPS>
			<WTRELATIONSHIP name="Title" entity="Title" alias="ti"/>
		</WTRELATIONSHIPS>

	</WTENTITY>

	<WTPROCEDURES>
		<WTPROCEDURE type="Add" name="Add" style="GenerateDataProc.xsl"/>
		<WTPROCEDURE type="Delete" name="Delete" style="GenerateDataProc.xsl"/>
		<WTPROCEDURE type="Fetch" name="Fetch" style="GenerateDataProc.xsl"/>
		<WTPROCEDURE type="Update" name="Update" style="GenerateDataProc.xsl"/>
		<!--===================================================================================-->
		<WTPROCEDURE type="EnumXML" name="EnumCompany" enumname="EnumUserCompany" style="GenerateDataProc.xsl" nodata="true">
			<WTPARAM name="ATTR(Title.CompanyID)" direction="input"/>
		</WTPROCEDURE>
		<!--===================================================================================-->
		<WTPROCEDURE type="Enum" name="EnumUserCompany" style="GenerateDataProc.xsl" column="TitleName" template="new" passthru="true">
			<WTPARAM name="ATTR(Title.CompanyID)" direction="input"/>
			<WTPARAM name="SYS(security)" direction="input"/>
			<WTCODEGROUP>
				<WTSELECT>
					<WTATTRIBUTE alias="ID" value="ATTR(Title.TitleNo)"/>
					<WTATTRIBUTE alias="Name" value="ATTR(Title.TitleName)"/>
					<WTJOIN name="Title"/>
					<WTCONDITION expr="ATTR(Title.CompanyID)" oper="equal" value="PARAM(CompanyID)"/>
					<WTORDER name="ATTR(Title.TitleNo)"/>
				</WTSELECT>
			</WTCODEGROUP>
		</WTPROCEDURE>
		<!--===================================================================================-->
		<WTPROCEDURE type="List" name="List" style="GenerateDataProc.xsl" template="new" passthru="true">
			<WTPARAM name="ATTR(CompanyID)" direction="input" required="false"/>
			<WTCODEGROUP>
				<WTSELECT>
					<WTATTRIBUTE value="ATTR(Title.TitleID)"/>
					<WTATTRIBUTE value="ATTR(Title.TitleName)"/>
					<WTATTRIBUTE value="ATTR(Title.TitleNo)"/>
					<WTJOIN name="Title"/>
					<WTCONDITION expr="ATTR(CompanyID)" oper="equal" value="PARAM(CompanyID)"/>
					<WTORDER name="ATTR(Title.TitleNo)"/>
				</WTSELECT>
			</WTCODEGROUP>
		</WTPROCEDURE>
	</WTPROCEDURES>

	<WTWEBPAGES>
		<!--============================================================================================-->
		<WTWEBPAGE name="5602" header="false" footer="false" navbar="false" wrapper="wrapper600"
				   aspstyle="GenerateWebASP.xsl" xslstyle="GenerateWebXSLAdd.xsl">
      <!--============================================================================================-->
			<WTPARAM name="CompanyID" datatype="number"/>

			<WTSETATTRIBUTE name="PARAM(CompanyID)" value="SYS(CompanyID)">
				<WTCONDITION expr="PARAM(CompanyID)" oper="equal" value="CONST(0)"/>
			</WTSETATTRIBUTE>

			<WTACTION id="0" name="New" type="New">
				<WTOBJECT name="Title" project="ptsTitleUser" class="CTitle">
					<WTMETHOD name="Load">
						<WTPARAM name="TitleID" direction="input" value="CONST(0)"/>
						<WTPARAM name="SecurityToken" direction="input" value="SYS(userid)"/>
					</WTMETHOD>
					<WTMETHOD name="XML">
						<WTPARAM name="xmlTitle" direction="return" datatype="text"/>
						<WTPARAM name="Option" direction="input" value="CONST(2)"/>
					</WTMETHOD>
				</WTOBJECT>
			</WTACTION>

			<WTACTION id="2" name="Add" type="Add">
				<WTOBJECT name="Title" project="ptsTitleUser" class="CTitle">
					<WTMETHOD name="Load">
						<WTPARAM name="TitleID" direction="input" value="CONST(0)"/>
						<WTPARAM name="SecurityToken" direction="input" value="SYS(userid)"/>
					</WTMETHOD>
					<WTSETATTRIBUTE name="ATTR(CompanyID)" value="PARAM(CompanyID)"/>
					<WTSETATTRIBUTES/>
					<WTMETHOD name="Add">
						<WTPARAM name="TitleID" direction="return" datatype="number"/>
						<WTPARAM name="SecurityToken" direction="input" value="SYS(userid)"/>
					</WTMETHOD>
					<WTMETHOD name="XML">
						<WTCONDITION expr="IsErrors"/>
						<WTPARAM name="xmlTitle" direction="return" datatype="text"/>
						<WTPARAM name="Option" direction="input" value="CONST(2)"/>
					</WTMETHOD>
				</WTOBJECT>
				<WTRETURN>
					<WTCONDITION expr="NoErrors"/>
				</WTRETURN>
			</WTACTION>

			<WTACTION id="3" name="Cancel" type="Cancel">
				<WTRETURN/>
			</WTACTION>

	 		<!--************************************************************************************-->
			<WTCONTENT>
				<WTCOLUMN width="160" align="right"/>
				<WTCOLUMN width="440" align="left"/>

				<WTROW>
					<WTSTATIC col="1" merge="2" label="NewTitle" class="PageHeading" align="left"/>
				</WTROW>
				<WTROW margin-bottom="12">
					<WTDIVIDER col="1" merge="2" align="left" height="1" color="SYS(headerdivider)"/>
				</WTROW>

				<WTROW>
					<WTSTATIC col="1" tag="TitleNo"/>
					<WTTEXT col="2" value="ATTR(Title.TitleNo)" size="2"/>
				</WTROW>
				<WTROW>
					<WTSTATIC col="1" tag="TitleName"/>
					<WTTEXT col="2" value="ATTR(Title.TitleName)"/>
				</WTROW>

				<WTROW margin-top="12" margin-bottom="12">
					<WTSTATIC col="1"/>
					<WTBUTTON col="2" action="2" value="CONST(Add)">
						<WTCONDITION expr="IsActive"/>
					</WTBUTTON>
					<WTBUTTON col="2" action="3" value="CONST(Cancel)"/>
				</WTROW>
				
			</WTCONTENT>
		</WTWEBPAGE>

		<!--============================================================================================-->
		<WTWEBPAGE name="5603" header="false" footer="false" navbar="false"  wrapper="wrapper600"
				   aspstyle="GenerateWebASP.xsl" xslstyle="GenerateWebXSLItem.xsl" >
		<!--============================================================================================-->
			<WTPARAM name="TitleID" datatype="number"/>

			<WTACTION id="0" name="New" type="New">
				<WTOBJECT name="Title" project="ptsTitleUser" class="CTitle">
					<WTMETHOD name="Load">
						<WTPARAM name="TitleID" direction="input" value="PARAM(TitleID)"/>
						<WTPARAM name="SecurityToken" direction="input" value="SYS(userid)"/>
					</WTMETHOD>
					<WTMETHOD name="XML">
						<WTPARAM name="xmlTitle" direction="return" datatype="text"/>
						<WTPARAM name="Option" direction="input" value="CONST(2)"/>
					</WTMETHOD>
				</WTOBJECT>
			</WTACTION>

			<WTACTION id="1" name="Update" type="Update">
				<WTOBJECT name="Title" project="ptsTitleUser" class="CTitle">
					<WTMETHOD name="Load">
						<WTPARAM name="TitleID" direction="input" value="PARAM(TitleID)"/>
						<WTPARAM name="SecurityToken" direction="input" value="SYS(userid)"/>
					</WTMETHOD>
					<WTSETATTRIBUTES/>
					<WTMETHOD name="Save">
						<WTPARAM name="SecurityToken" direction="input" value="SYS(userid)"/>
					</WTMETHOD>
					<WTMETHOD name="XML">
						<WTCONDITION expr="IsErrors"/>
						<WTPARAM name="xmlTitle" direction="return" datatype="text"/>
						<WTPARAM name="Option" direction="input" value="CONST(2)"/>
					</WTMETHOD>
				</WTOBJECT>
				<WTRETURN>
					<WTCONDITION expr="NoErrors"/>
				</WTRETURN>
			</WTACTION>

			<WTACTION id="3" name="Cancel" type="Cancel">
				<WTRETURN/>
			</WTACTION>

			<WTACTION id="4" name="Delete" type="Delete">
				<WTOBJECT name="Title" project="ptsTitleUser" class="CTitle">
					<WTMETHOD name="Delete">
						<WTPARAM name="TitleID" direction="input" value="PARAM(TitleID)"/>
						<WTPARAM name="SecurityToken" direction="input" value="SYS(userid)"/>
					</WTMETHOD>
				</WTOBJECT>
				<WTOBJECT name="Title" project="ptsTitleUser" class="CTitle">
					<WTCONDITION expr="IsErrors"/>
					<WTMETHOD name="Load">
						<WTPARAM name="TitleID" direction="input" value="PARAM(TitleID)"/>
						<WTPARAM name="SecurityToken" direction="input" value="SYS(userid)"/>
					</WTMETHOD>
					<WTMETHOD name="XML">
						<WTPARAM name="xmlTitle" direction="return" datatype="text"/>
						<WTPARAM name="Option" direction="input" value="CONST(2)"/>
					</WTMETHOD>
				</WTOBJECT>
				<WTRETURN>
					<WTCONDITION expr="NoErrors"/>
				</WTRETURN>
			</WTACTION>

	 		<!--************************************************************************************-->
			<WTCONTENT>
				<WTCOLUMN width="160" align="right"/>
				<WTCOLUMN width="440" align="left"/>

				<WTROW>
					<WTSTATIC col="1" merge="2" tag="Title" value="ATTR(Title.TitleName)" class="PageHeading" align="left"/>
				</WTROW>
				<WTROW margin-bottom="12">
					<WTDIVIDER col="1" merge="2" align="left" height="1" color="SYS(headerdivider)"/>
				</WTROW>

				<WTROW>
					<WTSTATIC col="1" tag="TitleNo"/>
					<WTTEXT col="2" value="ATTR(Title.TitleNo)" size="2"/>
					<WTIMAGE col="2" value="CONST(Title&lt;xsl:value-of select=&quot;/DATA/TXN/PTSTITLE/@titleno&quot;/&gt;.gif)" imgalign="absmiddle" path="Company\&lt;xsl:value-of select=&quot;/DATA/TXN/PTSTITLE/@companyid&quot;/&gt;" height="24"/>
				</WTROW>
				<WTROW>
					<WTSTATIC col="1" tag="TitleName"/>
					<WTTEXT col="2" value="ATTR(Title.TitleName)"/>
				</WTROW>

				<WTROW margin-top="12" margin-bottom="12">
					<WTSTATIC col="1"/>
					<WTBUTTON col="2" action="1" value="CONST(Update)">
						<WTCONDITION expr="IsActive"/>
					</WTBUTTON>
					<WTBUTTON col="2" action="3" value="CONST(Cancel)"/>
					<WTBUTTON col="2" action="4" value="CONST(Delete)" msg="ConfirmDelete">
						<WTCONDITION expr="IsActive"/>
					</WTBUTTON>
				</WTROW>

			</WTCONTENT>
		</WTWEBPAGE>

		<!--============================================================================================-->
		<WTWEBPAGE name="5611" caption="Titles" header="false" footer="false" navbar="false" wrapper="wrapper600"
				   aspstyle="GenerateWebASP.xsl" xslstyle="GenerateWebXSLList.xsl" >
		<!--============================================================================================-->
			<WTPARAM name="CompanyID" datatype="number"/>

			<WTSETATTRIBUTE name="PARAM(CompanyID)" value="SYS(CompanyID)">
				<WTCONDITION expr="PARAM(CompanyID)" oper="equal" value="CONST(0)"/>
			</WTSETATTRIBUTE>

			<WTACTION name="New" type="New" id="0">
				<WTOBJECT name="Titles" project="ptsTitleUser" class="CTitles">
					<WTMETHOD name="List">
						<WTPARAM name="CompanyID" direction="input" value="PARAM(CompanyID)"/>
					</WTMETHOD>
					<WTMETHOD name="XML">
						<WTPARAM name="xmlTitles" direction="return" concat="true" datatype="text"/>
						<WTPARAM name="Option" direction="input" value="CONST(13)"/>
					</WTMETHOD>
				</WTOBJECT>
			</WTACTION>

			<WTACTION id="3" name="Return" type="Cancel">
				<WTRETURN/>
			</WTACTION>

	 		<!--************************************************************************************-->
			<WTCONTENT>
				<WTCOLUMN width="300" align="left"/>
				<WTCOLUMN width="300" align="right"/>

				<WTROW>
					<WTSTATIC col="1" label="Titles" class="PageHeading" align="left"/>
					<WTSTATIC col="2" align="right">
						<WTCODEGROUP>
							<WTIMAGE value="CONST(addnew.gif)" imgalign="absmiddle"/>
						</WTCODEGROUP>
						<WTSTATIC space="1"/>
						<WTSTATIC label="NewTitle" space="1">
							<WTLINK name="5602">
								<WTPARAM name="CompanyID" value="PARAM(CompanyID)"/>
							</WTLINK>
						</WTSTATIC>
					</WTSTATIC>
				</WTROW>
				<WTROW margin-bottom="6">
					<WTDIVIDER col="1" merge="2" height="1" color="SYS(headerdivider)"/>
				</WTROW>
				<WTROW margin-bottom="6">
					<WTSTATIC col="1" merge="2" label="TitleText" align="left" class="prompt"/>
				</WTROW>
				<WTROW margin-bottom="12">
					<WTRECORDSET col="1" merge="2" graybar="true" entity="Title">
						<WTCOLUMN width="20" align="center" label="TitleNo"/>
						<WTCOLUMN width="20" align="center" label="Icon"/>
						<WTCOLUMN width="60" align="left" label="TitleName"/>
						<WTROW>
							<WTSTATIC col="1" value="DATA(Title.TitleNo)" height="24"/>
							<WTIMAGE col="2" value="CONST(Title&lt;xsl:value-of select=&quot;@titleno&quot;/&gt;.gif)" imgalign="absmiddle" path="Company/&lt;xsl:value-of select=&quot;/DATA/PARAM/@companyid&quot;/&gt;"/>
							<WTSTATIC col="3">
								<WTSTATIC value="DATA(TitleName)"/>
								<WTCODEGROUP>
									<WTSTATIC space="1"/>
									<WTIMAGE value="CONST(Edit.gif)" imgalign="absmiddle">
										<WTLINK name="5603">
											<WTPARAM name="TitleID" value="DATA(TitleID)"/>
										</WTLINK>
									</WTIMAGE>
								</WTCODEGROUP>
							</WTSTATIC>
						</WTROW>
					</WTRECORDSET>
				</WTROW>
<!--
				<WTROW margin-top="12" margin-bottom="12">
					<WTBUTTON col="2" action="3" value="CONST(Return)"/>
				</WTROW>
-->
			</WTCONTENT>
		</WTWEBPAGE>
	</WTWEBPAGES>
</WTROOT>